,COUNTRY,CODE_TIME,TIME,YEAR,MONTH,MONTH_NAME,PRODUCT,VALUE,DISPLAY_ORDER,yearToDate
13,Australia,JAN2010,January 2010,2010,1,January,Final consumption,19317.931,20,220091.029
18,Australia,JAN2010,January 2010,2010,1,January,Low carbon,1665.783,26,24610.86
21,Austria,JAN2010,January 2010,2010,1,January,Wind,200.966,2,1961.814
81,Canada,JAN2010,January 2010,2010,1,January,Not specified,248.0,13,2976.0
91,Canada,JAN2010,January 2010,2010,1,January,Non-renewables,20850.285,23,218831.866
122,Czech Republic,JAN2010,January 2010,2010,1,January,Oil,20.072,9,176.959
128,Czech Republic,JAN2010,January 2010,2010,1,January,Total imports,597.964,15,6642.0
153,Denmark,JAN2010,January 2010,2010,1,January,Electricity supplied,3518.026,17,35736.999
239,Germany,JAN2010,January 2010,2010,1,January,Coal,25193.476,8,253690.859
247,Germany,JAN2010,January 2010,2010,1,January,Total exports,6153.18,16,57916.999
258,Germany,JAN2010,January 2010,2010,1,January,Fossil fuels,35748.159,27,353461.038
574,New Zealand,JAN2010,January 2010,2010,1,January,Final consumption,3152.632,20,40344.719
649,OECD Asia Oceania,JAN2010,January 2010,2010,1,January,Distribution losses,7791.715,19,85432.122
653,OECD Asia Oceania,JAN2010,January 2010,2010,1,January,Non-renewables,153679.381,23,1691557.644
682,OECD Europe,JAN2010,January 2010,2010,1,January,Other renewables aggregated,11594.531,25,128794.887
732,Poland,JAN2010,January 2010,2010,1,January,Non-renewables,12685.654,23,132615.024
763,Republic of Turkiye,JAN2010,January 2010,2010,1,January,Hydro,4186.449,1,51423.001
779,Republic of Turkiye,JAN2010,January 2010,2010,1,January,Electricity supplied,16765.652,17,202272.001
829,Slovenia,JAN2010,January 2010,2010,1,January,Electricity supplied,1183.106,17,13289.858
858,Spain,JAN2010,January 2010,2010,1,January,Electricity trade,299.587,21,8333.0
860,Spain,JAN2010,January 2010,2010,1,January,Non-renewables,16269.286,23,192068.897
1033,Belgium,FEB2010,February 2010,2010,2,February,Other renewables aggregated,362.417,25,4189.65
1094,Czech Republic,FEB2010,February 2010,2010,2,February,Total imports,688.759,15,6642.0
1167,Finland,FEB2010,February 2010,2010,2,February,Renewables,1940.728,22,23435.425
1238,Greece,FEB2010,February 2010,2010,2,February,Used for pumped storage,4.546,18,36.0
1273,IEA Total,FEB2010,February 2010,2010,2,February,Solar,1440.897,3,30612.62
1299,Iceland,FEB2010,February 2010,2010,2,February,Geothermal,344.143,4,4234.0
1301,Iceland,FEB2010,February 2010,2010,2,February,Oil,0.167,9,2.004
1361,Japan,FEB2010,February 2010,2010,2,February,Solar,193.947,3,1582.15
1505,Netherlands,FEB2010,February 2010,2010,2,February,Oil,101.934,9,1205.278
1563,Norway,FEB2010,February 2010,2010,2,February,Final consumption,12086.776,20,120546.0
1583,OECD Americas,FEB2010,February 2010,2010,2,February,Not specified,543.583,13,6522.996
1603,OECD Asia Oceania,FEB2010,February 2010,2010,2,February,Total combustible fuels,104213.522,7,1268139.779
1687,Poland,FEB2010,February 2010,2010,2,February,Other combustible non-renewables,3.467,12,40.817
1716,Portugal,FEB2010,February 2010,2010,2,February,Total imports,432.149,15,5814.002
1731,Republic of Turkiye,FEB2010,February 2010,2010,2,February,Solar,0.0,3,0.0
1756,Slovak Republic,FEB2010,February 2010,2010,2,February,Hydro,313.45,1,5578.003
1844,Sweden,FEB2010,February 2010,2010,2,February,Electricity supplied,14271.585,17,147341.597
1852,Sweden,FEB2010,February 2010,2010,2,February,Other renewables aggregated,1346.335,25,11625.438
1917,United States,FEB2010,February 2010,2010,2,February,Not specified,286.25,13,3435.0
2048,Czech Republic,MAR2010,March 2010,2010,3,March,Hydro,312.1,1,3366.0
2086,Denmark,MAR2010,March 2010,2010,3,March,Distribution losses,257.961,19,2624.001
2107,Estonia,MAR2010,March 2010,2010,3,March,Final consumption,726.365,20,7430.999
2112,Estonia,MAR2010,March 2010,2010,3,March,Other renewables aggregated,61.9,25,667.985
2198,Greece,MAR2010,March 2010,2010,3,March,Combustible renewables,11.566,11,173.948
2273,Iceland,MAR2010,March 2010,2010,3,March,Non-renewables,0.167,23,2.004
2298,Ireland,MAR2010,March 2010,2010,3,March,Low carbon,339.658,26,3886.106
2348,Korea,MAR2010,March 2010,2010,3,March,Hydro,444.284,1,6406.001
2357,Korea,MAR2010,March 2010,2010,3,March,Other combustible non-renewables,16.783,12,185.078
2511,New Zealand,MAR2010,March 2010,2010,3,March,Low carbon,2438.892,26,32258.075
2628,OECD Total,MAR2010,March 2010,2010,3,March,Not specified,2578.743,13,31761.057
2665,Poland,MAR2010,March 2010,2010,3,March,Other renewables aggregated,486.426,25,5717.986
2702,Republic of Turkiye,MAR2010,March 2010,2010,3,March,Oil,168.913,9,2072.51
2735,Slovak Republic,MAR2010,March 2010,2010,3,March,Electricity supplied,2379.441,17,26472.001
2817,Sweden,MAR2010,March 2010,2010,3,March,Other renewables aggregated,1285.705,25,11625.438
2820,Switzerland,MAR2010,March 2010,2010,3,March,Hydro,2318.505,1,37450.0
2886,United States,MAR2010,March 2010,2010,3,March,Electricity supplied,317813.205,17,4184935.001
2889,United States,MAR2010,March 2010,2010,3,March,Final consumption,296161.407,20,3894367.001
2897,Australia,APR2010,April 2010,2010,4,April,Hydro,1044.406,1,16471.891
2899,Australia,APR2010,April 2010,2010,4,April,Solar,26.811,3,908.238
3001,Chile,APR2010,April 2010,2010,4,April,Net electricity production,4571.023,14,58334.001
3011,Chile,APR2010,April 2010,2010,4,April,Low carbon,1922.934,26,24213.17
3027,Czech Republic,APR2010,April 2010,2010,4,April,Electricity supplied,5008.117,17,63354.003
3051,Denmark,APR2010,April 2010,2010,4,April,Distribution losses,202.946,19,2624.001
3085,Finland,APR2010,April 2010,2010,4,April,Coal,1791.544,8,20281.61
3087,Finland,APR2010,April 2010,2010,4,April,Natural gas,879.272,10,10663.614
3279,Italy,APR2010,April 2010,2010,4,April,Electricity supplied,25732.956,17,334906.24
3309,Japan,APR2010,April 2010,2010,4,April,Others,6829.872,24,117688.827
3343,Latvia,APR2010,April 2010,2010,4,April,Other combustible non-renewables,0.0,12,0.0
3371,Lithuania,APR2010,April 2010,2010,4,April,Final consumption,680.8,20,9327.0
3372,Lithuania,APR2010,April 2010,2010,4,April,Electricity trade,-505.742,21,-5990.002
3379,Luxembourg,APR2010,April 2010,2010,4,April,Hydro,134.915,1,1457.23
3395,Luxembourg,APR2010,April 2010,2010,4,April,Distribution losses,11.44,19,133.6
3402,Luxembourg,APR2010,April 2010,2010,4,April,Low carbon,148.815,26,1617.06
3406,Mexico,APR2010,April 2010,2010,4,April,Solar,2.781,3,30.999
3458,New Zealand,APR2010,April 2010,2010,4,April,Total combustible fuels,1054.707,7,11749.716
3474,New Zealand,APR2010,April 2010,2010,4,April,Non-renewables,1006.234,23,11244.514
3558,OECD Europe,APR2010,April 2010,2010,4,April,Geothermal,863.976,4,10042.333
3602,OECD Total,APR2010,April 2010,2010,4,April,Electricity trade,-2264.354,21,-22151.39
3960,Chile,MAY2010,May 2010,2010,5,May,Wind,15.092,2,332.001
4014,Denmark,MAY2010,May 2010,2010,5,May,Total imports,961.0,15,10599.0
4042,Estonia,MAY2010,May 2010,2010,5,May,Others,2.751,24,37.01
4082,France,MAY2010,May 2010,2010,5,May,Net electricity production,39511.208,14,544298.85
4153,Hungary,MAY2010,May 2010,2010,5,May,Combustible renewables,196.303,11,2101.14
4157,Hungary,MAY2010,May 2010,2010,5,May,Total exports,168.0,16,4702.0
4382,Mexico,MAY2010,May 2010,2010,5,May,Net electricity production,24086.742,14,264335.719
4389,Mexico,MAY2010,May 2010,2010,5,May,Renewables,3156.82,22,45046.671
4516,OECD Asia Oceania,MAY2010,May 2010,2010,5,May,Non-renewables,123772.464,23,1691557.644
4578,Poland,MAY2010,May 2010,2010,5,May,Geothermal,0.0,4,0.0
4591,Poland,MAY2010,May 2010,2010,5,May,Distribution losses,923.124,19,11851.0
4614,Portugal,MAY2010,May 2010,2010,5,May,Total exports,290.909,16,3191.001
4663,Slovak Republic,MAY2010,May 2010,2010,5,May,Not specified,3.333,13,39.996
4694,Slovenia,MAY2010,May 2010,2010,5,May,Distribution losses,81.263,19,981.999
4695,Slovenia,MAY2010,May 2010,2010,5,May,Final consumption,952.661,20,12062.8
4729,Sweden,MAY2010,May 2010,2010,5,May,Wind,216.871,2,3487.0
4751,Sweden,MAY2010,May 2010,2010,5,May,Fossil fuels,521.147,27,8134.56
4886,Belgium,JUN2010,June 2010,2010,6,June,Total imports,1061.406,15,12395.0
5005,Estonia,JUN2010,June 2010,2010,6,June,Electricity trade,328.861,21,3253.999
5007,Estonia,JUN2010,June 2010,2010,6,June,Non-renewables,796.366,23,10760.011
5157,IEA Total,JUN2010,June 2010,2010,6,June,Others,28022.902,24,350754.667
5178,Ireland,JUN2010,June 2010,2010,6,June,Total combustible fuels,1872.814,7,23858.392
5305,Lithuania,JUN2010,June 2010,2010,6,June,Renewables,123.707,22,1631.254
5393,New Zealand,JUN2010,June 2010,2010,6,June,Natural gas,889.461,10,9256.436
5401,New Zealand,JUN2010,June 2010,2010,6,June,Used for pumped storage,0.0,18,0.0
5415,Norway,JUN2010,June 2010,2010,6,June,Oil,2.858,9,30.949
5502,OECD Europe,JUN2010,June 2010,2010,6,June,Total exports,23921.823,16,311944.704
5535,OECD Total,JUN2010,June 2010,2010,6,June,Renewables,167797.408,22,1961826.324
5536,OECD Total,JUN2010,June 2010,2010,6,June,Non-renewables,694862.64,23,8465875.808
5701,Sweden,JUN2010,June 2010,2010,6,June,Natural gas,150.364,10,2743.304
5824,Austria,JUL2010,July 2010,2010,7,July,Other combustible non-renewables,46.6,12,559.2
5827,Austria,JUL2010,July 2010,2010,7,July,Total imports,1260.363,15,19908.697
5900,Chile,JUL2010,July 2010,2010,7,July,Electricity supplied,5187.746,17,59292.001
5932,Czech Republic,JUL2010,July 2010,2010,7,July,Low carbon,2684.761,26,32659.558
5983,Finland,JUL2010,July 2010,2010,7,July,Natural gas,417.166,10,10663.614
6067,Greece,JUL2010,July 2010,2010,7,July,Final consumption,5845.458,20,55275.999
6069,Greece,JUL2010,July 2010,2010,7,July,Renewables,780.972,22,10501.954
6189,Japan,JUL2010,July 2010,2010,7,July,Geothermal,196.783,4,2456.759
6228,Korea,JUL2010,July 2010,2010,7,July,Other renewables aggregated,54.249,25,882.015
6276,Luxembourg,JUL2010,July 2010,2010,7,July,Wind,4.581,2,55.086
6350,New Zealand,JUL2010,July 2010,2010,7,July,Hydro,2143.908,1,24479.241
6362,New Zealand,JUL2010,July 2010,2010,7,July,Total imports,0.0,15,0.0
6419,OECD Americas,JUL2010,July 2010,2010,7,July,Renewables,75310.788,22,891901.202
6596,Slovak Republic,JUL2010,July 2010,2010,7,July,Total exports,762.121,16,6293.0
6598,Slovak Republic,JUL2010,July 2010,2010,7,July,Used for pumped storage,43.881,18,535.999
6600,Slovak Republic,JUL2010,July 2010,2010,7,July,Final consumption,1995.903,20,25079.999
6683,Switzerland,JUL2010,July 2010,2010,7,July,Wind,3.083,2,36.996
6707,United Kingdom,JUL2010,July 2010,2010,7,July,Wind,911.865,2,10285.999
6745,United States,JUL2010,July 2010,2010,7,July,Net electricity production,414153.978,14,4158959.001
6766,Australia,AUG2010,August 2010,2010,8,August,Natural gas,4154.122,10,45678.585
6803,Austria,AUG2010,August 2010,2010,8,August,Fossil fuels,992.594,27,21800.133
6907,Denmark,AUG2010,August 2010,2010,8,August,Net electricity production,2011.915,14,36871.999
7069,IEA Total,AUG2010,August 2010,2010,8,August,Coal,310068.208,8,3463978.133
7079,IEA Total,AUG2010,August 2010,2010,8,August,Used for pumped storage,8185.686,18,87420.908
7223,Lithuania,AUG2010,August 2010,2010,8,August,Combustible renewables,8.195,11,133.259
7346,Norway,AUG2010,August 2010,2010,8,August,Not specified,10.5,13,126.0
7408,OECD Asia Oceania,AUG2010,August 2010,2010,8,August,Renewables,17406.084,22,181834.952
7513,Portugal,AUG2010,August 2010,2010,8,August,Renewables,1360.182,22,28351.645
7548,Slovak Republic,AUG2010,August 2010,2010,8,August,Solar,2.008,3,17.0
7619,Spain,AUG2010,August 2010,2010,8,August,Low carbon,11783.838,26,158412.11
7656,Switzerland,AUG2010,August 2010,2010,8,August,Total imports,2034.702,15,33400.998
7722,Australia,SEP2010,September 2010,2010,9,September,Hydro,1737.34,1,16471.891
7834,Chile,SEP2010,September 2010,2010,9,September,Others,1024.096,24,8134.076
7872,Denmark,SEP2010,September 2010,2010,9,September,Net electricity production,2698.47,14,36871.999
7878,Denmark,SEP2010,September 2010,2010,9,September,Electricity trade,-58.068,21,1135.0
7911,Finland,SEP2010,September 2010,2010,9,September,Oil,35.011,9,458.405
7959,Germany,SEP2010,September 2010,2010,9,September,Nuclear,11360.589,6,132971.002
8064,Iceland,SEP2010,September 2010,2010,9,September,Others,0.167,24,2.004
8112,Italy,SEP2010,September 2010,2010,9,September,Other renewables aggregated,1173.819,25,14067.94
8143,Korea,SEP2010,September 2010,2010,9,September,Coal,18148.261,8,211371.226
8149,Korea,SEP2010,September 2010,2010,9,September,Net electricity production,37781.272,14,480391.999
8162,Latvia,SEP2010,September 2010,2010,9,September,Solar,0.0,3,0.0
8195,Lithuania,SEP2010,September 2010,2010,9,September,Distribution losses,77.05,19,988.999
8421,OECD Total,SEP2010,September 2010,2010,9,September,Total imports,31227.673,15,398804.095
8432,OECD Total,SEP2010,September 2010,2010,9,September,Low carbon,323437.991,26,4180190.986
8463,Portugal,SEP2010,September 2010,2010,9,September,Nuclear,0.0,6,0.0
8484,Portugal,SEP2010,September 2010,2010,9,September,Fossil fuels,3031.996,27,24430.652
8497,Republic of Turkiye,SEP2010,September 2010,2010,9,September,Not specified,9.083,13,108.996
8512,Slovak Republic,SEP2010,September 2010,2010,9,September,Hydro,549.789,1,5578.003
8529,Slovak Republic,SEP2010,September 2010,2010,9,September,Final consumption,1907.851,20,25079.999
8619,Switzerland,SEP2010,September 2010,2010,9,September,Combustible renewables,91.125,11,1215.514
8630,Switzerland,SEP2010,September 2010,2010,9,September,Non-renewables,1653.493,23,27334.328
8760,Canada,OCT2010,October 2010,2010,10,October,Solar,14.618,3,253.0
8830,Denmark,OCT2010,October 2010,2010,10,October,Wind,872.888,2,7808.998
8853,Estonia,OCT2010,October 2010,2010,10,October,Total combustible fuels,987.415,7,11428.001
8897,France,OCT2010,October 2010,2010,10,October,Solar,42.413,3,620.001
8908,France,OCT2010,October 2010,2010,10,October,Total imports,2685.239,15,19474.999
8937,Germany,OCT2010,October 2010,2010,10,October,Used for pumped storage,650.323,18,8619.001
8985,Hungary,OCT2010,October 2010,2010,10,October,Final consumption,3063.434,20,36006.85
9002,IEA Total,OCT2010,October 2010,2010,10,October,Natural gas,193088.034,10,2422640.54
9073,Italy,OCT2010,October 2010,2010,10,October,Final consumption,26054.282,20,309883.241
9082,Japan,OCT2010,October 2010,2010,10,October,Wind,100.77,2,3418.734
9111,Korea,OCT2010,October 2010,2010,10,October,Natural gas,7238.701,10,99464.276
9165,Lithuania,OCT2010,October 2010,2010,10,October,Non-renewables,257.149,23,3715.736
9179,Luxembourg,OCT2010,October 2010,2010,10,October,Combustible renewables,7.908,11,83.597
9245,New Zealand,OCT2010,October 2010,2010,10,October,Hydro,2229.199,1,24479.241
9272,Norway,OCT2010,October 2010,2010,10,October,Coal,5.899,8,134.777
9298,OECD Americas,OCT2010,October 2010,2010,10,October,Total combustible fuels,248021.842,7,3341180.001
9324,OECD Asia Oceania,OCT2010,October 2010,2010,10,October,Total combustible fuels,95130.535,7,1268139.779
9365,OECD Europe,OCT2010,October 2010,2010,10,October,Electricity trade,-1616.373,21,-21607.392
9507,Slovenia,OCT2010,October 2010,2010,10,October,Oil,0.706,9,7.094
9635,United States,OCT2010,October 2010,2010,10,October,Combustible renewables,4511.255,11,58153.225
9642,United States,OCT2010,October 2010,2010,10,October,Used for pumped storage,1864.918,18,29569.002
9647,United States,OCT2010,October 2010,2010,10,October,Non-renewables,276392.585,23,3702816.78
9657,Australia,NOV2010,November 2010,2010,11,November,Coal,12582.983,8,163887.775
9684,Austria,NOV2010,November 2010,2010,11,November,Total imports,1942.976,15,19908.697
9692,Austria,NOV2010,November 2010,2010,11,November,Non-renewables,2241.399,23,21800.133
9763,Chile,NOV2010,November 2010,2010,11,November,Non-renewables,2668.544,23,34232.823
9781,Czech Republic,NOV2010,November 2010,2010,11,November,Total exports,1792.725,16,21590.0
9829,Estonia,NOV2010,November 2010,2010,11,November,Renewables,94.73,22,971.987
9830,Estonia,NOV2010,November 2010,2010,11,November,Non-renewables,973.337,23,10760.011
9839,Finland,NOV2010,November 2010,2010,11,November,Total combustible fuels,4038.637,7,42000.0
9854,Finland,NOV2010,November 2010,2010,11,November,Non-renewables,5119.18,23,53784.308
9911,Greece,NOV2010,November 2010,2010,11,November,Hydro,724.289,1,7456.001
9938,Hungary,NOV2010,November 2010,2010,11,November,Total combustible fuels,1839.59,7,19106.0
9946,Hungary,NOV2010,November 2010,2010,11,November,Total exports,526.0,16,4702.0
9958,IEA Total,NOV2010,November 2010,2010,11,November,Wind,27560.746,2,265953.423
9977,IEA Total,NOV2010,November 2010,2010,11,November,Electricity trade,-1196.512,21,-22440.391
10073,Korea,NOV2010,November 2010,2010,11,November,Coal,17242.61,8,211371.226
10178,Mexico,NOV2010,November 2010,2010,11,November,Renewables,3839.45,22,45046.671
10202,Netherlands,NOV2010,November 2010,2010,11,November,Electricity trade,222.967,21,-2774.998
10214,New Zealand,NOV2010,November 2010,2010,11,November,Coal,226.201,8,1928.88
10219,New Zealand,NOV2010,November 2010,2010,11,November,Not specified,4.763,13,57.156
10257,OECD Americas,NOV2010,November 2010,2010,11,November,Hydro,55815.428,1,690682.002
10285,OECD Asia Oceania,NOV2010,November 2010,2010,11,November,Wind,692.726,2,10797.443
10342,OECD Total,NOV2010,November 2010,2010,11,November,Nuclear,180760.409,6,2186603.605
10406,Portugal,NOV2010,November 2010,2010,11,November,Distribution losses,354.595,19,4279.999
10524,Sweden,NOV2010,November 2010,2010,11,November,Natural gas,287.123,10,2743.304
10539,Sweden,NOV2010,November 2010,2010,11,November,Low carbon,12533.052,26,137129.034
10627,Australia,DEC2010,December 2010,2010,12,December,Net electricity production,19325.286,14,236625.007
10689,Canada,DEC2010,December 2010,2010,12,December,Wind,1015.091,2,8637.002
10723,Chile,DEC2010,December 2010,2010,12,December,Total imports,31.169,15,958.0
10870,Germany,DEC2010,December 2010,2010,12,December,Electricity trade,2965.075,21,14954.999
10905,Hungary,DEC2010,December 2010,2010,12,December,Coal,539.486,8,5808.546
11050,Korea,DEC2010,December 2010,2010,12,December,Renewables,704.4,22,8877.013
11053,Korea,DEC2010,December 2010,2010,12,December,Other renewables aggregated,125.459,25,882.015
11102,Luxembourg,DEC2010,December 2010,2010,12,December,Solar,0.522,3,21.147
11150,Netherlands,DEC2010,December 2010,2010,12,December,Hydro,13.0,1,105.0
11207,Norway,DEC2010,December 2010,2010,12,December,Not specified,10.5,13,126.0
11231,OECD Americas,DEC2010,December 2010,2010,12,December,Natural gas,92122.411,10,1157172.147
11292,OECD Europe,DEC2010,December 2010,2010,12,December,Used for pumped storage,3947.658,18,44138.886
11313,OECD Total,DEC2010,December 2010,2010,12,December,Other combustible non-renewables,3747.314,12,40351.006
11354,Portugal,DEC2010,December 2010,2010,12,December,Hydro,1697.537,1,16345.394
11446,Slovenia,DEC2010,December 2010,2010,12,December,Electricity supplied,1238.455,17,13289.858
11580,United States,DEC2010,December 2010,2010,12,December,Other renewables aggregated,6417.636,25,73372.226
11625,Austria,JAN2011,January 2011,2011,1,January,Other renewables aggregated,357.082,25,4330.561
11747,Estonia,JAN2011,January 2011,2011,1,January,Total combustible fuels,1185.163,7,11268.999
11781,Finland,JAN2011,January 2011,2011,1,January,Final consumption,8520.1,20,81572.298
11825,Germany,JAN2011,January 2011,2011,1,January,Combustible renewables,2702.647,11,34230.646
11895,IEA Total,JAN2011,January 2011,2011,1,January,Coal,327068.028,8,3371445.263
11913,IEA Total,JAN2011,January 2011,2011,1,January,Low carbon,385223.787,26,4112438.062
11920,Iceland,JAN2011,January 2011,2011,1,January,Electricity supplied,1481.316,17,16851.0
11925,Iceland,JAN2011,January 2011,2011,1,January,Others,0.269,24,2.0
11979,Japan,JAN2011,January 2011,2011,1,January,Geothermal,207.637,4,2366.026
12092,Mexico,JAN2011,January 2011,2011,1,January,Solar,3.345,3,40.998
12107,Mexico,JAN2011,January 2011,2011,1,January,Final consumption,17788.828,20,233796.908
12125,Netherlands,JAN2011,January 2011,2011,1,January,Other combustible non-renewables,152.99,12,1656.81
12131,Netherlands,JAN2011,January 2011,2011,1,January,Distribution losses,481.593,19,5198.001
12185,Norway,JAN2011,January 2011,2011,1,January,Low carbon,10667.378,26,122733.926
12266,OECD Europe,JAN2011,January 2011,2011,1,January,Fossil fuels,164939.856,27,1688445.585
12283,OECD Total,JAN2011,January 2011,2011,1,January,Electricity supplied,975961.029,17,10412102.423
12296,Poland,JAN2011,January 2011,2011,1,January,Solar,0.003,3,0.174
12499,United Kingdom,JAN2011,January 2011,2011,1,January,Other renewables,0.083,5,0.996
12506,United Kingdom,JAN2011,January 2011,2011,1,January,Other combustible non-renewables,146.17,12,1754.04
12524,United States,JAN2011,January 2011,2011,1,January,Solar,104.87,3,6083.001
12541,United States,JAN2011,January 2011,2011,1,January,Electricity trade,-2689.311,21,-37262.999
12679,Czech Republic,FEB2011,February 2011,2011,2,February,Distribution losses,372.573,19,4405.0
12707,Denmark,FEB2011,February 2011,2011,2,February,Other renewables aggregated,404.373,25,4085.709
12826,Greece,FEB2011,February 2011,2011,2,February,Others,369.711,24,5379.738
12910,Ireland,FEB2011,February 2011,2011,2,February,Renewables,482.239,22,5404.206
12928,Italy,FEB2011,February 2011,2011,2,February,Total imports,4211.065,15,47518.998
12948,Japan,FEB2011,February 2011,2011,2,February,Oil,7627.383,9,121096.934
12956,Japan,FEB2011,February 2011,2011,2,February,Distribution losses,3820.258,19,46489.771
13027,Lithuania,FEB2011,February 2011,2011,2,February,Other renewables aggregated,15.713,25,138.94
13098,Netherlands,FEB2011,February 2011,2011,2,February,Electricity trade,-360.862,21,-9089.0
13258,OECD Total,FEB2011,February 2011,2011,2,February,Low carbon,355603.96,26,4167844.069
13326,Republic of Turkiye,FEB2011,February 2011,2011,2,February,Total exports,211.222,16,3645.0
13361,Slovak Republic,FEB2011,February 2011,2011,2,February,Low carbon,1652.428,26,19129.825
13414,Sweden,FEB2011,February 2011,2011,2,February,Wind,499.517,2,6107.0
13429,Sweden,FEB2011,February 2011,2011,2,February,Final consumption,13021.972,20,128961.02
13513,United States,FEB2011,February 2011,2011,2,February,Fossil fuels,208659.586,27,2803306.609
13528,Australia,MAR2011,March 2011,2011,3,March,Renewables,1910.12,22,25078.374
13581,Belgium,MAR2011,March 2011,2011,3,March,Other renewables aggregated,371.815,25,4541.337
13659,Denmark,MAR2011,March 2011,2011,3,March,Oil,17.83,9,423.057
13669,Denmark,MAR2011,March 2011,2011,3,March,Electricity trade,670.906,21,-1319.999
13702,Finland,MAR2011,March 2011,2011,3,March,Oil,52.678,9,393.788
13810,Hungary,MAR2011,March 2011,2011,3,March,Final consumption,3162.762,20,36392.443
13940,Korea,MAR2011,March 2011,2011,3,March,Net electricity production,43757.159,14,503150.001
13952,Latvia,MAR2011,March 2011,2011,3,March,Wind,7.895,2,70.07
13967,Latvia,MAR2011,March 2011,2011,3,March,Electricity trade,14.031,21,-1244.998
13999,Luxembourg,MAR2011,March 2011,2011,3,March,Nuclear,0.0,6,0.0
14053,Netherlands,MAR2011,March 2011,2011,3,March,Natural gas,6111.796,10,66420.443
14080,New Zealand,MAR2011,March 2011,2011,3,March,Not specified,3.856,13,46.272
14116,Norway,MAR2011,March 2011,2011,3,March,Low carbon,9506.31,26,122733.926
14128,OECD Americas,MAR2011,March 2011,2011,3,March,Combustible renewables,6102.011,11,73226.861
14149,OECD Asia Oceania,MAR2011,March 2011,2011,3,March,Nuclear,33105.003,6,301138.423
14152,OECD Asia Oceania,MAR2011,March 2011,2011,3,March,Oil,10976.256,9,142462.854
14247,Poland,MAR2011,March 2011,2011,3,March,Other renewables aggregated,522.325,25,6896.925
14286,Republic of Turkiye,MAR2011,March 2011,2011,3,March,Combustible renewables,30.245,11,321.929
14497,Australia,APR2011,April 2011,2011,4,April,Low carbon,1680.216,26,25078.374
14520,Austria,APR2011,April 2011,2011,4,April,Others,101.282,24,1509.905
14562,Canada,APR2011,April 2011,2011,4,April,Total imports,1583.649,15,14554.001
14605,Czech Republic,APR2011,April 2011,2011,4,April,Net electricity production,6318.6,14,79908.001
14644,Estonia,APR2011,April 2011,2011,4,April,Coal,718.722,8,10300.38
14670,Finland,APR2011,April 2011,2011,4,April,Other combustible non-renewables,20.699,12,217.717
14723,Germany,APR2011,April 2011,2011,4,April,Net electricity production,45191.46,14,576247.0
14740,Greece,APR2011,April 2011,2011,4,April,Total combustible fuels,3196.191,7,45726.0
14747,Greece,APR2011,April 2011,2011,4,April,Total imports,562.888,15,7180.0
14820,Iceland,APR2011,April 2011,2011,4,April,Others,0.219,24,2.0
14838,Ireland,APR2011,April 2011,2011,4,April,Final consumption,1972.725,20,24824.212
14855,Italy,APR2011,April 2011,2011,4,April,Other combustible non-renewables,162.883,12,2203.743
14936,Latvia,APR2011,April 2011,2011,4,April,Other renewables aggregated,2.643,25,100.064
14953,Lithuania,APR2011,April 2011,2011,4,April,Electricity trade,-546.0,21,-6739.0
15020,Netherlands,APR2011,April 2011,2011,4,April,Other combustible non-renewables,141.872,12,1656.81
15025,Netherlands,APR2011,April 2011,2011,4,April,Electricity supplied,9128.523,17,118233.642
15081,Norway,APR2011,April 2011,2011,4,April,Low carbon,7838.812,26,122733.926
15170,OECD Total,APR2011,April 2011,2011,4,April,Coal,243612.656,8,3394687.429
15203,Poland,APR2011,April 2011,2011,4,April,Total exports,813.068,16,12022.002
15426,United States,APR2011,April 2011,2011,4,April,Natural gas,68305.643,10,984544.532
15436,United States,APR2011,April 2011,2011,4,April,Final consumption,286306.895,20,3885019.0
15447,Australia,MAY2011,May 2011,2011,5,May,Geothermal,0.083,4,0.996
15466,Austria,MAY2011,May 2011,2011,5,May,Solar,19.971,3,165.283
15486,Austria,MAY2011,May 2011,2011,5,May,Other renewables aggregated,378.226,25,4330.561
15514,Canada,MAY2011,May 2011,2011,5,May,Hydro,29283.494,1,372077.0
15517,Canada,MAY2011,May 2011,2011,5,May,Other renewables,2.372,5,26.0
15522,Canada,MAY2011,May 2011,2011,5,May,Natural gas,3847.123,10,54331.452
15638,Finland,MAY2011,May 2011,2011,5,May,Total imports,1312.155,15,17656.0
15705,Greece,MAY2011,May 2011,2011,5,May,Solar,61.357,3,610.311
15891,Latvia,MAY2011,May 2011,2011,5,May,Net electricity production,625.251,14,5563.87
16040,Norway,MAY2011,May 2011,2011,5,May,Final consumption,8288.647,20,114847.998
16041,Norway,MAY2011,May 2011,2011,5,May,Electricity trade,-394.119,21,3074.999
16112,OECD Europe,MAY2011,May 2011,2011,5,May,Other combustible non-renewables,1598.966,12,20079.668
16166,Poland,MAY2011,May 2011,2011,5,May,Net electricity production,11868.724,14,148913.176
16206,Republic of Turkiye,MAY2011,May 2011,2011,5,May,Hydro,5855.405,1,51154.999
16306,Spain,MAY2011,May 2011,2011,5,May,Low carbon,10700.239,26,143243.995
16339,Switzerland,MAY2011,May 2011,2011,5,May,Natural gas,68.026,10,913.082
16479,Canada,JUN2011,June 2011,2011,6,June,Hydro,27486.104,1,372077.0
16550,Denmark,JUN2011,June 2011,2011,6,June,Total combustible fuels,1582.184,7,23742.803
16553,Denmark,JUN2011,June 2011,2011,6,June,Natural gas,251.639,10,5454.944
16570,Estonia,JUN2011,June 2011,2011,6,June,Wind,17.505,2,368.001
16673,Greece,JUN2011,June 2011,2011,6,June,Combustible renewables,14.204,11,184.738
16692,Hungary,JUN2011,June 2011,2011,6,June,Nuclear,1228.843,6,14711.001
16697,Hungary,JUN2011,June 2011,2011,6,June,Combustible renewables,155.532,11,1716.845
16706,Hungary,JUN2011,June 2011,2011,6,June,Renewables,235.008,22,2544.289
16720,IEA Total,JUN2011,June 2011,2011,6,June,Oil,20425.096,9,297563.311
16777,Italy,JUN2011,June 2011,2011,6,June,Solar,833.113,3,10667.997
16860,Latvia,JUN2011,June 2011,2011,6,June,Final consumption,435.965,20,6193.001
16875,Lithuania,JUN2011,June 2011,2011,6,June,Net electricity production,304.053,14,4444.998
16888,Lithuania,JUN2011,June 2011,2011,6,June,Fossil fuels,207.052,27,2794.064
16920,Mexico,JUN2011,June 2011,2011,6,June,Coal,2805.81,8,30821.156
16976,New Zealand,JUN2011,June 2011,2011,6,June,Total imports,0.0,15,0.0
16995,Norway,JUN2011,June 2011,2011,6,June,Combustible renewables,19.657,11,338.927
17029,OECD Americas,JUN2011,June 2011,2011,6,June,Used for pumped storage,3052.331,18,29062.0
17055,OECD Asia Oceania,JUN2011,June 2011,2011,6,June,Used for pumped storage,1555.51,18,13927.668
17072,OECD Europe,JUN2011,June 2011,2011,6,June,Coal,60328.503,8,837094.485
17084,OECD Europe,JUN2011,June 2011,2011,6,June,Final consumption,239994.589,20,3175095.913
17239,Slovenia,JUN2011,June 2011,2011,6,June,Final consumption,1038.316,20,12611.964
17267,Spain,JUN2011,June 2011,2011,6,June,Non-renewables,16695.905,23,195423.993
17392,Australia,JUL2011,July 2011,2011,7,July,Fossil fuels,18520.372,27,213905.512
17420,Belgium,JUL2011,July 2011,2011,7,July,Solar,134.682,3,1169.0
17441,Belgium,JUL2011,July 2011,2011,7,July,Low carbon,4587.208,26,55479.339
17452,Canada,JUL2011,July 2011,2011,7,July,Combustible renewables,830.135,11,9533.661
17521,Denmark,JUL2011,July 2011,2011,7,July,Total imports,1430.062,15,11694.0
17535,Estonia,JUL2011,July 2011,2011,7,July,Total combustible fuels,843.404,7,11268.999
17650,Greece,JUL2011,July 2011,2011,7,July,Other renewables aggregated,19.178,25,184.738
17675,Hungary,JUL2011,July 2011,2011,7,July,Fossil fuels,1145.107,27,16278.151
17687,IEA Total,JUL2011,July 2011,2011,7,July,Other combustible non-renewables,3788.493,12,44990.952
17709,Iceland,JUL2011,July 2011,2011,7,July,Distribution losses,41.048,19,503.0
17716,Iceland,JUL2011,July 2011,2011,7,July,Fossil fuels,0.156,27,2.0
17723,Ireland,JUL2011,July 2011,2011,7,July,Natural gas,1375.497,10,14878.952
17732,Ireland,JUL2011,July 2011,2011,7,July,Electricity trade,-63.802,21,-490.095
17741,Italy,JUL2011,July 2011,2011,7,July,Solar,1578.652,3,10667.997
17750,Italy,JUL2011,July 2011,2011,7,July,Net electricity production,27110.568,14,291442.085
17763,Italy,JUL2011,July 2011,2011,7,July,Fossil fuels,18576.239,27,208123.917
17853,Luxembourg,JUL2011,July 2011,2011,7,July,Hydro,49.12,1,1124.755
17886,Mexico,JUL2011,July 2011,2011,7,July,Natural gas,14127.919,10,150184.195
17901,Mexico,JUL2011,July 2011,2011,7,July,Low carbon,4819.971,26,54035.955
17953,Norway,JUL2011,July 2011,2011,7,July,Hydro,10128.473,1,121054.001
18160,Republic of Turkiye,JUL2011,July 2011,2011,7,July,Fossil fuels,14496.262,27,160776.078
18247,Sweden,JUL2011,July 2011,2011,7,July,Total imports,1342.43,15,12481.0
18270,Switzerland,JUL2011,July 2011,2011,7,July,Net electricity production,6041.811,14,62958.861
18311,United States,JUL2011,July 2011,2011,7,July,Hydro,33714.278,1,342301.002
18372,Austria,AUG2011,August 2011,2011,8,August,Used for pumped storage,377.695,18,5088.753
18376,Austria,AUG2011,August 2011,2011,8,August,Renewables,4288.615,22,42207.865
18478,Denmark,AUG2011,August 2011,2011,8,August,Total combustible fuels,1306.664,7,23742.803
18492,Denmark,AUG2011,August 2011,2011,8,August,Non-renewables,1027.584,23,19657.096
18521,Finland,AUG2011,August 2011,2011,8,August,Total combustible fuels,1642.749,7,35103.001
18531,Finland,AUG2011,August 2011,2011,8,August,Electricity supplied,6165.479,17,84265.299
18546,France,AUG2011,August 2011,2011,8,August,Nuclear,31384.263,6,421077.532
18555,France,AUG2011,August 2011,2011,8,August,Total imports,372.347,15,9501.0
18584,Germany,AUG2011,August 2011,2011,8,August,Used for pumped storage,765.426,18,7792.001
18595,Greece,AUG2011,August 2011,2011,8,August,Wind,314.36,2,3315.001
18602,Greece,AUG2011,August 2011,2011,8,August,Other combustible non-renewables,9.193,12,100.847
18673,Iceland,AUG2011,August 2011,2011,8,August,Distribution losses,41.356,19,503.0
18679,Iceland,AUG2011,August 2011,2011,8,August,Low carbon,1386.023,26,16848.998
18684,Ireland,AUG2011,August 2011,2011,8,August,Total combustible fuels,1849.467,7,21285.041
18689,Ireland,AUG2011,August 2011,2011,8,August,Net electricity production,2056.896,14,26365.244
18738,Japan,AUG2011,August 2011,2011,8,August,Other combustible non-renewables,1200.108,12,12948.938
18942,OECD Americas,AUG2011,August 2011,2011,8,August,Solar,861.788,3,6689.997
18956,OECD Americas,AUG2011,August 2011,2011,8,August,Electricity supplied,490893.315,17,5094296.907
18962,OECD Americas,AUG2011,August 2011,2011,8,August,Non-renewables,410589.937,23,4088840.161
18999,OECD Europe,AUG2011,August 2011,2011,8,August,Total combustible fuels,138031.418,7,1810179.205
19019,OECD Europe,AUG2011,August 2011,2011,8,August,Fossil fuels,128969.43,27,1688445.585
19073,Portugal,AUG2011,August 2011,2011,8,August,Wind,586.972,2,9102.609
19155,Slovenia,AUG2011,August 2011,2011,8,August,Coal,364.415,8,4705.779
19233,Switzerland,AUG2011,August 2011,2011,8,August,Other combustible non-renewables,87.264,12,1082.722
19234,Switzerland,AUG2011,August 2011,2011,8,August,Net electricity production,4970.279,14,62958.861
19282,United States,AUG2011,August 2011,2011,8,August,Oil,3182.334,9,37228.406
19351,Belgium,SEP2011,September 2011,2011,9,September,Coal,404.31,8,5263.119
19436,Czech Republic,SEP2011,September 2011,2011,9,September,Non-renewables,5362.988,23,72281.123
19464,Estonia,SEP2011,September 2011,2011,9,September,Wind,33.816,2,368.001
19484,Finland,SEP2011,September 2011,2011,9,September,Wind,42.071,2,481.0
19493,Finland,SEP2011,September 2011,2011,9,September,Not specified,23.333,13,279.996
19494,Finland,SEP2011,September 2011,2011,9,September,Net electricity production,4368.207,14,70413.3
19539,Germany,SEP2011,September 2011,2011,9,September,Total combustible fuels,29687.828,7,380502.999
19570,Greece,SEP2011,September 2011,2011,9,September,Total imports,461.635,15,7180.0
19572,Greece,SEP2011,September 2011,2011,9,September,Electricity supplied,4664.446,17,57145.313
19597,Hungary,SEP2011,September 2011,2011,9,September,Distribution losses,303.814,19,3783.999
19640,Iceland,SEP2011,September 2011,2011,9,September,Final consumption,1326.096,20,16348.001
19641,Iceland,SEP2011,September 2011,2011,9,September,Renewables,1366.793,22,16848.998
19648,Ireland,SEP2011,September 2011,2011,9,September,Wind,487.012,2,4380.315
19695,Japan,SEP2011,September 2011,2011,9,September,Wind,234.242,2,5594.238
19748,Latvia,SEP2011,September 2011,2011,9,September,Net electricity production,190.646,14,5563.87
19751,Latvia,SEP2011,September 2011,2011,9,September,Electricity supplied,532.723,17,6808.868
19903,Norway,SEP2011,September 2011,2011,9,September,Other renewables aggregated,18.522,25,338.927
19959,OECD Europe,SEP2011,September 2011,2011,9,September,Hydro,42484.476,1,530421.486
19965,OECD Europe,SEP2011,September 2011,2011,9,September,Total combustible fuels,144180.933,7,1810179.205
19991,OECD Total,SEP2011,September 2011,2011,9,September,Nuclear,157016.677,6,2047769.956
20068,Republic of Turkiye,SEP2011,September 2011,2011,9,September,Other renewables,0.0,5,0.0
20076,Republic of Turkiye,SEP2011,September 2011,2011,9,September,Not specified,8.667,13,104.004
20089,Republic of Turkiye,SEP2011,September 2011,2011,9,September,Low carbon,4142.59,26,56885.932
20223,United Kingdom,SEP2011,September 2011,2011,9,September,Natural gas,12582.577,10,141112.39
20298,Austria,OCT2011,October 2011,2011,10,October,Net electricity production,5393.921,14,62491.736
20407,Denmark,OCT2011,October 2011,2011,10,October,Hydro,1.443,1,17.0
20535,Greece,OCT2011,October 2011,2011,10,October,Net electricity production,3820.675,14,53913.312
20556,Hungary,OCT2011,October 2011,2011,10,October,Natural gas,859.429,10,9916.874
20557,Hungary,OCT2011,October 2011,2011,10,October,Combustible renewables,126.107,11,1716.845
20615,Ireland,OCT2011,October 2011,2011,10,October,Solar,0.04,3,0.543
20625,Ireland,OCT2011,October 2011,2011,10,October,Used for pumped storage,0.245,18,2.94
20704,Korea,OCT2011,October 2011,2011,10,October,Fossil fuels,27750.57,27,344794.222
20706,Latvia,OCT2011,October 2011,2011,10,October,Wind,6.908,2,70.07
20709,Latvia,OCT2011,October 2011,2011,10,October,Coal,0.104,8,1.682
20715,Latvia,OCT2011,October 2011,2011,10,October,Total imports,440.11,15,4009.0
20756,Luxembourg,OCT2011,October 2011,2011,10,October,Oil,0.018,9,0.482
20774,Mexico,OCT2011,October 2011,2011,10,October,Hydro,3480.662,1,35927.601
20818,Netherlands,OCT2011,October 2011,2011,10,October,Renewables,1043.627,22,12009.844
20866,Norway,OCT2011,October 2011,2011,10,October,Renewables,11817.064,22,122675.93
20867,Norway,OCT2011,October 2011,2011,10,October,Non-renewables,252.717,23,4363.076
21002,Poland,OCT2011,October 2011,2011,10,October,Low carbon,1122.264,26,12920.101
21026,Portugal,OCT2011,October 2011,2011,10,October,Others,235.262,24,2898.953
21029,Portugal,OCT2011,October 2011,2011,10,October,Fossil fuels,2239.183,27,26756.078
21132,Sweden,OCT2011,October 2011,2011,10,October,Hydro,7102.54,1,66169.001
21341,Chile,NOV2011,November 2011,2011,11,November,Electricity trade,-132.374,21,-732.001
21372,Czech Republic,NOV2011,November 2011,2011,11,November,Fossil fuels,4307.69,27,45679.121
21449,France,NOV2011,November 2011,2011,11,November,Combustible renewables,646.348,11,4778.448
21467,Germany,NOV2011,November 2011,2011,11,November,Wind,3234.457,2,48883.0
21512,Greece,NOV2011,November 2011,2011,11,November,Other renewables aggregated,15.489,25,184.738
21521,Hungary,NOV2011,November 2011,2011,11,November,Oil,11.082,9,132.984
21587,Ireland,NOV2011,November 2011,2011,11,November,Net electricity production,2356.196,14,26365.244
21588,Ireland,NOV2011,November 2011,2011,11,November,Total imports,6.01,15,731.621
21589,Ireland,NOV2011,November 2011,2011,11,November,Total exports,48.492,16,241.526
21607,Italy,NOV2011,November 2011,2011,11,November,Oil,1522.943,9,19011.482
21796,New Zealand,NOV2011,November 2011,2011,11,November,Oil,0.27,9,2.082
21803,New Zealand,NOV2011,November 2011,2011,11,November,Total exports,0.0,16,0.0
21820,Norway,NOV2011,November 2011,2011,11,November,Natural gas,262.425,10,4056.128
21845,OECD Americas,NOV2011,November 2011,2011,11,November,Coal,133060.592,8,1886093.45
22046,Slovak Republic,NOV2011,November 2011,2011,11,November,Low carbon,1495.246,26,19129.825
22138,Switzerland,NOV2011,November 2011,2011,11,November,Final consumption,5179.077,20,58599.001
22395,Finland,DEC2011,December 2011,2011,12,December,Electricity supplied,7463.515,17,84265.299
22539,Iceland,DEC2011,December 2011,2011,12,December,Renewables,1497.149,22,16848.998
22553,Ireland,DEC2011,December 2011,2011,12,December,Net electricity production,2519.036,14,26365.244
22615,Korea,DEC2011,December 2011,2011,12,December,Hydro,412.095,1,7754.0
22644,Latvia,DEC2011,December 2011,2011,12,December,Combustible renewables,10.71,11,100.064
22676,Lithuania,DEC2011,December 2011,2011,12,December,Non-renewables,332.502,23,2794.064
22710,Mexico,DEC2011,December 2011,2011,12,December,Nuclear,1013.246,6,9662.999
22722,Mexico,DEC2011,December 2011,2011,12,December,Distribution losses,3464.83,19,45601.998
22854,OECD Asia Oceania,DEC2011,December 2011,2011,12,December,Other renewables aggregated,2472.33,25,26108.293
22979,Republic of Turkiye,DEC2011,December 2011,2011,12,December,Used for pumped storage,0.0,18,0.0
23068,Sweden,DEC2011,December 2011,2011,12,December,Total combustible fuels,1737.837,7,16652.001
23114,United Kingdom,DEC2011,December 2011,2011,12,December,Solar,7.008,3,244.0
23149,United States,DEC2011,December 2011,2011,12,December,Other combustible non-renewables,1002.256,12,11292.666
23298,Czech Republic,JAN2012,January 2012,2012,1,January,Non-renewables,7120.101,23,71906.823
23410,Germany,JAN2012,January 2012,2012,1,January,Total exports,5975.788,16,66810.0
23500,Iceland,JAN2012,January 2012,2012,1,January,Electricity supplied,1515.597,17,17295.999
23532,Italy,JAN2012,January 2012,2012,1,January,Hydro,2411.342,1,43256.383
23555,Italy,JAN2012,January 2012,2012,1,January,Low carbon,6149.753,26,93098.519
23590,Korea,JAN2012,January 2012,2012,1,January,Not specified,41.75,13,501.0
23621,Latvia,JAN2012,January 2012,2012,1,January,Others,0.118,24,0.823
23728,New Zealand,JAN2012,January 2012,2012,1,January,Oil,0.009,9,3.429
23730,New Zealand,JAN2012,January 2012,2012,1,January,Combustible renewables,44.612,11,570.614
23942,Republic of Turkiye,JAN2012,January 2012,2012,1,January,Net electricity production,20255.233,14,227706.999
23949,Republic of Turkiye,JAN2012,January 2012,2012,1,January,Electricity trade,280.388,21,-2872.996
23957,Slovak Republic,JAN2012,January 2012,2012,1,January,Wind,0.5,2,6.0
24031,Sweden,JAN2012,January 2012,2012,1,January,Hydro,7249.39,1,78458.999
24164,Austria,FEB2012,February 2012,2012,2,February,Total imports,2510.243,15,23429.714
24200,Belgium,FEB2012,February 2012,2012,2,February,Low carbon,4688.868,26,50180.664
24217,Canada,FEB2012,February 2012,2012,2,February,Electricity supplied,51051.541,17,567800.003
24319,Finland,FEB2012,February 2012,2012,2,February,Natural gas,910.817,10,6371.678
24394,Greece,FEB2012,February 2012,2012,2,February,Oil,447.499,9,5312.464
24534,Japan,FEB2012,February 2012,2012,2,February,Other combustible non-renewables,1380.604,12,14495.068
24576,Latvia,FEB2012,February 2012,2012,2,February,Combustible renewables,42.267,11,236.808
24619,Luxembourg,FEB2012,February 2012,2012,2,February,Total combustible fuels,286.742,7,2524.336
24798,OECD Europe,FEB2012,February 2012,2012,2,February,Coal,88928.058,8,890330.244
24929,Slovak Republic,FEB2012,February 2012,2012,2,February,Oil,43.793,9,443.05
24934,Slovak Republic,FEB2012,February 2012,2012,2,February,Net electricity production,2257.593,14,26137.001
24941,Slovak Republic,FEB2012,February 2012,2012,2,February,Electricity trade,-188.009,21,-393.0
25025,Switzerland,FEB2012,February 2012,2012,2,February,Geothermal,0.0,4,0.0
25049,United Kingdom,FEB2012,February 2012,2012,2,February,Geothermal,0.0,4,0.0
25214,Czech Republic,MAR2012,March 2012,2012,3,March,Solar,211.427,3,2128.0
25266,Estonia,MAR2012,March 2012,2012,3,March,Net electricity production,819.006,14,10527.0
25267,Estonia,MAR2012,March 2012,2012,3,March,Total imports,264.0,15,2710.0
25295,Finland,MAR2012,March 2012,2012,3,March,Final consumption,7482.283,20,82241.748
25296,Finland,MAR2012,March 2012,2012,3,March,Electricity trade,-1466.204,21,-17443.998
25310,France,MAR2012,March 2012,2012,3,March,Coal,2520.718,8,22830.148
25426,IEA Total,MAR2012,March 2012,2012,3,March,Other renewables aggregated,23042.66,25,266469.856
25435,Iceland,MAR2012,March 2012,2012,3,March,Distribution losses,41.919,19,485.999
25498,Japan,MAR2012,March 2012,2012,3,March,Oil,16583.292,9,194018.734
25516,Korea,MAR2012,March 2012,2012,3,March,Solar,107.293,3,1100.999
25536,Latvia,MAR2012,March 2012,2012,3,March,Hydro,303.717,1,3677.0
25747,OECD Asia Oceania,MAR2012,March 2012,2012,3,March,Electricity supplied,161133.969,17,1870939.009
25828,Poland,MAR2012,March 2012,2012,3,March,Distribution losses,946.462,19,10884.002
25868,Republic of Turkiye,MAR2012,March 2012,2012,3,March,Nuclear,0.0,6,0.0
25957,Spain,MAR2012,March 2012,2012,3,March,Final consumption,21132.664,20,244677.002
25980,Sweden,MAR2012,March 2012,2012,3,March,Distribution losses,973.817,19,10960.0
25988,Sweden,MAR2012,March 2012,2012,3,March,Fossil fuels,412.287,27,3966.2
26017,United Kingdom,MAR2012,March 2012,2012,3,March,Other renewables,0.333,5,3.996
26047,United States,MAR2012,March 2012,2012,3,March,Oil,2122.985,9,31148.756
26053,United States,MAR2012,March 2012,2012,3,March,Total imports,4205.483,15,59257.001
26085,Australia,APR2012,April 2012,2012,4,April,Fossil fuels,16284.631,27,206632.233
26097,Austria,APR2012,April 2012,2012,4,April,Net electricity production,5201.526,14,69315.214
26111,Belgium,APR2012,April 2012,2012,4,April,Hydro,139.063,1,1648.001
26131,Belgium,APR2012,April 2012,2012,4,April,Non-renewables,5532.823,23,68264.34
26189,Czech Republic,APR2012,April 2012,2012,4,April,Not specified,5.833,13,69.996
26244,Estonia,APR2012,April 2012,2012,4,April,Low carbon,102.435,26,1351.56
26262,Finland,APR2012,April 2012,2012,4,April,Final consumption,6691.714,20,82241.748
26264,Finland,APR2012,April 2012,2012,4,April,Renewables,2112.548,22,27777.686
26315,Germany,APR2012,April 2012,2012,4,April,Final consumption,43426.467,20,538206.0
26333,Greece,APR2012,April 2012,2012,4,April,Total imports,518.045,15,5954.001
26440,Italy,APR2012,April 2012,2012,4,April,Natural gas,8977.638,10,122982.224
26469,Japan,APR2012,April 2012,2012,4,April,Not specified,1740.144,13,20908.83
26507,Latvia,APR2012,April 2012,2012,4,April,Coal,0.04,8,1.645
26531,Lithuania,APR2012,April 2012,2012,4,April,Natural gas,96.31,10,2598.608
26712,OECD Asia Oceania,APR2012,April 2012,2012,4,April,Total imports,0.0,15,0.0
26740,OECD Europe,APR2012,April 2012,2012,4,April,Total exports,31109.227,16,383234.521
26752,OECD Total,APR2012,April 2012,2012,4,April,Hydro,123350.876,1,1446256.972
26760,OECD Total,APR2012,April 2012,2012,4,April,Oil,29339.086,9,379016.243
26803,Poland,APR2012,April 2012,2012,4,April,Fossil fuels,10379.132,27,131345.208
26827,Portugal,APR2012,April 2012,2012,4,April,Other renewables aggregated,164.932,25,2963.378
26946,Sweden,APR2012,April 2012,2012,4,April,Used for pumped storage,14.841,18,179.973
27045,Australia,MAY2012,May 2012,2012,5,May,Distribution losses,1221.457,19,13867.472
27067,Austria,MAY2012,May 2012,2012,5,May,Electricity supplied,5568.109,17,72118.179
27076,Austria,MAY2012,May 2012,2012,5,May,Low carbon,5040.549,26,52731.957
27077,Austria,MAY2012,May 2012,2012,5,May,Fossil fuels,549.797,27,16594.215
27159,Czech Republic,MAY2012,May 2012,2012,5,May,Total exports,2107.993,16,28707.0
27252,France,MAY2012,May 2012,2012,5,May,Total exports,5127.104,16,56734.001
27348,IEA Total,MAY2012,May 2012,2012,5,May,Not specified,2722.214,13,32502.114
27364,Iceland,MAY2012,May 2012,2012,5,May,Geothermal,408.22,4,5079.0
27416,Italy,MAY2012,May 2012,2012,5,May,Distribution losses,1689.645,19,21000.001
27449,Korea,MAY2012,May 2012,2012,5,May,Wind,76.083,2,912.996
27542,Mexico,MAY2012,May 2012,2012,5,May,Solar,5.981,3,68.999
27638,Norway,MAY2012,May 2012,2012,5,May,Fossil fuels,221.268,27,2978.999
27662,OECD Americas,MAY2012,May 2012,2012,5,May,Others,10180.875,24,112941.421
27706,OECD Europe,MAY2012,May 2012,2012,5,May,Total imports,30172.984,15,385366.142
27815,Republic of Turkiye,MAY2012,May 2012,2012,5,May,Distribution losses,2788.592,19,35657.0
27830,Slovak Republic,MAY2012,May 2012,2012,5,May,Oil,33.733,9,443.05
27849,Slovenia,MAY2012,May 2012,2012,5,May,Hydro,381.151,1,4028.0
27930,Switzerland,MAY2012,May 2012,2012,5,May,Natural gas,75.803,10,866.825
27937,Switzerland,MAY2012,May 2012,2012,5,May,Used for pumped storage,227.867,18,2411.001
27955,United Kingdom,MAY2012,May 2012,2012,5,May,Oil,150.536,9,2766.021
27958,United Kingdom,MAY2012,May 2012,2012,5,May,Other combustible non-renewables,168.094,12,2017.128
27977,United States,MAY2012,May 2012,2012,5,May,Geothermal,1317.907,4,15562.0
27978,United States,MAY2012,May 2012,2012,5,May,Nuclear,62081.425,6,769331.001
27986,United States,MAY2012,May 2012,2012,5,May,Net electricity production,339434.974,14,4077151.0
28007,Australia,JUN2012,June 2012,2012,6,June,Natural gas,3909.263,10,48105.378
28103,Chile,JUN2012,June 2012,2012,6,June,Net electricity production,5469.117,14,65840.0
28192,Finland,JUN2012,June 2012,2012,6,June,Total imports,1171.486,15,19089.0
28258,Greece,JUN2012,June 2012,2012,6,June,Wind,270.505,2,3160.999
28386,Italy,JUN2012,June 2012,2012,6,June,Renewables,9299.094,22,92377.523
28463,Lithuania,JUN2012,June 2012,2012,6,June,Oil,14.069,9,216.627
28503,Luxembourg,JUN2012,June 2012,2012,6,June,Other renewables aggregated,8.447,25,93.364
28562,New Zealand,JUN2012,June 2012,2012,6,June,Oil,0.312,9,3.429
28627,OECD Americas,JUN2012,June 2012,2012,6,June,Non-renewables,357801.666,23,4054701.549
28652,OECD Asia Oceania,JUN2012,June 2012,2012,6,June,Renewables,16144.015,22,184475.103
28670,OECD Europe,JUN2012,June 2012,2012,6,June,Not specified,381.755,13,4541.94
28684,OECD Europe,JUN2012,June 2012,2012,6,June,Fossil fuels,119973.912,27,1623009.163
28920,United Kingdom,JUN2012,June 2012,2012,6,June,Coal,8269.861,8,137810.316
28929,United Kingdom,JUN2012,June 2012,2012,6,June,Electricity supplied,26616.02,17,357753.001
28986,Austria,JUL2012,July 2012,2012,7,July,Hydro,4715.358,1,45579.643
29010,Austria,JUL2012,July 2012,2012,7,July,Fossil fuels,594.96,27,16594.215
29037,Canada,JUL2012,July 2012,2012,7,July,Wind,508.204,2,11198.0
29119,Denmark,JUL2012,July 2012,2012,7,July,Electricity trade,-1103.417,21,-5214.0
29166,Finland,JUL2012,July 2012,2012,7,July,Others,53.862,24,817.128
29235,Greece,JUL2012,July 2012,2012,7,July,Electricity supplied,5991.971,17,55439.0
29243,Greece,JUL2012,July 2012,2012,7,July,Other renewables aggregated,18.264,25,178.247
29306,Iceland,JUL2012,July 2012,2012,7,July,Others,0.14,24,3.0
29381,Korea,JUL2012,July 2012,2012,7,July,Hydro,694.988,1,7500.0
29396,Korea,JUL2012,July 2012,2012,7,July,Final consumption,42365.753,20,492265.749
29436,Lithuania,JUL2012,July 2012,2012,7,July,Total exports,145.899,16,1441.001
29489,Mexico,JUL2012,July 2012,2012,7,July,Distribution losses,3999.991,19,44050.0
29501,Netherlands,JUL2012,July 2012,2012,7,July,Geothermal,0.0,4,0.0
29533,New Zealand,JUL2012,July 2012,2012,7,July,Not specified,2.945,13,35.34
29546,New Zealand,JUL2012,July 2012,2012,7,July,Low carbon,2793.353,26,31182.361
29571,Norway,JUL2012,July 2012,2012,7,July,Fossil fuels,168.763,27,2978.999
29574,OECD Americas,JUL2012,July 2012,2012,7,July,Solar,1318.342,3,10932.995
29656,OECD Total,JUL2012,July 2012,2012,7,July,Other renewables,40.388,5,483.372
29727,Portugal,JUL2012,July 2012,2012,7,July,Other renewables aggregated,293.229,25,2963.378
29782,Slovenia,JUL2012,July 2012,2012,7,July,Hydro,405.544,1,4028.0
29793,Slovenia,JUL2012,July 2012,2012,7,July,Net electricity production,1343.774,14,14704.807
29898,United Kingdom,JUL2012,July 2012,2012,7,July,Distribution losses,2147.595,19,28293.999
29976,Austria,AUG2012,August 2012,2012,8,August,Low carbon,4525.218,26,52731.957
30003,Canada,AUG2012,August 2012,2012,8,August,Hydro,30095.705,1,376575.0
30050,Czech Republic,AUG2012,August 2012,2012,8,August,Total combustible fuels,3246.491,7,46255.999
30081,Denmark,AUG2012,August 2012,2012,8,August,Total imports,1857.382,15,15919.999
30089,Denmark,AUG2012,August 2012,2012,8,August,Others,62.903,24,1049.202
30116,Finland,AUG2012,August 2012,2012,8,August,Nuclear,1664.849,6,22063.0
30126,Finland,AUG2012,August 2012,2012,8,August,Total exports,95.148,16,1645.002
30187,Germany,AUG2012,August 2012,2012,8,August,Other renewables aggregated,3596.529,25,40161.213
30192,Greece,AUG2012,August 2012,2012,8,August,Solar,151.31,3,1510.0
30204,Greece,AUG2012,August 2012,2012,8,August,Distribution losses,153.463,19,1611.0
30343,Japan,AUG2012,August 2012,2012,8,August,Non-renewables,87941.078,23,964405.518
30344,Japan,AUG2012,August 2012,2012,8,August,Others,19929.419,24,229422.632
30422,Luxembourg,AUG2012,August 2012,2012,8,August,Oil,0.031,9,0.497
30438,Luxembourg,AUG2012,August 2012,2012,8,August,Low carbon,95.566,26,1355.914
30509,New Zealand,AUG2012,August 2012,2012,8,August,Renewables,2819.74,22,31147.021
30510,New Zealand,AUG2012,August 2012,2012,8,August,Non-renewables,1039.59,23,11658.801
30612,OECD Europe,AUG2012,August 2012,2012,8,August,Electricity trade,537.188,21,-2131.621
30706,Republic of Turkiye,AUG2012,August 2012,2012,8,August,Natural gas,9299.253,10,98258.12
30715,Republic of Turkiye,AUG2012,August 2012,2012,8,August,Distribution losses,3187.07,19,35657.0
30726,Slovak Republic,AUG2012,August 2012,2012,8,August,Solar,50.093,3,424.001
30784,Spain,AUG2012,August 2012,2012,8,August,Not specified,12.917,13,155.004
30806,Sweden,AUG2012,August 2012,2012,8,August,Natural gas,40.103,10,865.211
30811,Sweden,AUG2012,August 2012,2012,8,August,Total exports,3117.299,16,31255.0
30816,Sweden,AUG2012,August 2012,2012,8,August,Electricity trade,1821.966,21,19573.0
30827,Switzerland,AUG2012,August 2012,2012,8,August,Nuclear,1351.0,6,24345.0
30917,Australia,SEP2012,September 2012,2012,9,September,Other renewables aggregated,246.191,25,2903.19
30932,Austria,SEP2012,September 2012,2012,9,September,Total imports,1750.144,15,23429.714
30947,Belgium,SEP2012,September 2012,2012,9,September,Solar,246.609,3,2130.999
30977,Canada,SEP2012,September 2012,2012,9,September,Oil,535.327,9,6810.249
31016,Czech Republic,SEP2012,September 2012,2012,9,September,Nuclear,2279.216,6,28603.0
31140,Germany,SEP2012,September 2012,2012,9,September,Combustible renewables,3340.996,11,40136.214
31202,Hungary,SEP2012,September 2012,2012,9,September,Fossil fuels,1153.463,27,15037.395
31254,Ireland,SEP2012,September 2012,2012,9,September,Total imports,106.132,15,783.605
31284,Italy,SEP2012,September 2012,2012,9,September,Final consumption,24955.784,20,307217.382
31286,Italy,SEP2012,September 2012,2012,9,September,Renewables,7240.253,22,92377.523
31296,Japan,SEP2012,September 2012,2012,9,September,Nuclear,1331.291,6,15121.278
31365,Lithuania,SEP2012,September 2012,2012,9,September,Natural gas,356.966,10,2598.608
31430,Mexico,SEP2012,September 2012,2012,9,September,Low carbon,3825.044,26,50070.373
31445,Netherlands,SEP2012,September 2012,2012,9,September,Total imports,2712.977,15,32155.724
31536,OECD Asia Oceania,SEP2012,September 2012,2012,9,September,Geothermal,649.551,4,8246.558
31645,Portugal,SEP2012,September 2012,2012,9,September,Oil,407.545,9,2100.45
31654,Portugal,SEP2012,September 2012,2012,9,September,Used for pumped storage,110.917,18,1331.004
31722,Slovenia,SEP2012,September 2012,2012,9,September,Oil,0.53,9,7.963
31849,United States,SEP2012,September 2012,2012,9,September,Natural gas,104722.033,10,1191086.288
31863,United States,SEP2012,September 2012,2012,9,September,Others,3775.884,24,46004.302
31888,Austria,OCT2012,October 2012,2012,10,October,Wind,162.461,2,2351.318
31988,Czech Republic,OCT2012,October 2012,2012,10,October,Combustible renewables,259.354,11,3022.172
32039,Estonia,OCT2012,October 2012,2012,10,October,Final consumption,618.089,20,7407.999
32106,Germany,OCT2012,October 2012,2012,10,October,Natural gas,5740.716,10,72094.313
32175,IEA Total,OCT2012,October 2012,2012,10,October,Nuclear,149598.193,6,1855575.296
32235,Italy,OCT2012,October 2012,2012,10,October,Wind,911.632,2,13333.0
32289,Korea,OCT2012,October 2012,2012,10,October,Natural gas,6896.804,10,107947.714
32306,Latvia,OCT2012,October 2012,2012,10,October,Solar,0.0,3,0.0
32408,Netherlands,OCT2012,October 2012,2012,10,October,Combustible renewables,551.862,11,6905.702
32422,Netherlands,OCT2012,October 2012,2012,10,October,Low carbon,1328.582,26,16070.567
32443,New Zealand,OCT2012,October 2012,2012,10,October,Renewables,2976.214,22,31147.021
32455,Norway,OCT2012,October 2012,2012,10,October,Natural gas,239.08,10,2633.0
32457,Norway,OCT2012,October 2012,2012,10,October,Other combustible non-renewables,10.351,12,113.999
32601,Poland,OCT2012,October 2012,2012,10,October,Others,167.122,24,1958.729
32657,Republic of Turkiye,OCT2012,October 2012,2012,10,October,Fossil fuels,13466.804,27,163876.358
32666,Slovak Republic,OCT2012,October 2012,2012,10,October,Combustible renewables,76.624,11,823.933
32679,Slovak Republic,OCT2012,October 2012,2012,10,October,Others,48.739,24,530.94
32684,Slovenia,OCT2012,October 2012,2012,10,October,Wind,0.0,2,0.0
32725,Spain,OCT2012,October 2012,2012,10,October,Final consumption,19599.009,20,244677.002
32735,Sweden,OCT2012,October 2012,2012,10,October,Solar,1.064,3,19.001
32778,Switzerland,OCT2012,October 2012,2012,10,October,Other renewables aggregated,114.27,25,1461.873
32784,United Kingdom,OCT2012,October 2012,2012,10,October,Geothermal,0.0,4,0.0
32831,United States,OCT2012,October 2012,2012,10,October,Other renewables aggregated,6184.975,25,75946.509
32845,Australia,NOV2012,November 2012,2012,11,November,Used for pumped storage,16.859,18,226.328
32891,Belgium,NOV2012,November 2012,2012,11,November,Total imports,1919.91,15,16848.0
32915,Canada,NOV2012,November 2012,2012,11,November,Not specified,227.0,13,2724.0
32919,Canada,NOV2012,November 2012,2012,11,November,Electricity supplied,49495.495,17,567800.003
32976,Denmark,NOV2012,November 2012,2012,11,November,Coal,945.528,8,9760.472
32982,Denmark,NOV2012,November 2012,2012,11,November,Total imports,1290.737,15,15919.999
33031,Finland,NOV2012,November 2012,2012,11,November,Electricity trade,-1400.68,21,-17443.998
33098,Greece,NOV2012,November 2012,2012,11,November,Combustible renewables,13.112,11,178.247
33102,Greece,NOV2012,November 2012,2012,11,November,Total exports,392.167,16,4169.001
33109,Greece,NOV2012,November 2012,2012,11,November,Non-renewables,3253.665,23,44229.755
33127,Hungary,NOV2012,November 2012,2012,11,November,Electricity supplied,3386.717,17,40317.909
33160,IEA Total,NOV2012,November 2012,2012,11,November,Others,34561.972,24,452787.047
33187,Ireland,NOV2012,November 2012,2012,11,November,Net electricity production,2408.742,14,26479.063
33273,Latvia,NOV2012,November 2012,2012,11,November,Solar,0.0,3,0.0
33284,Latvia,NOV2012,November 2012,2012,11,November,Used for pumped storage,0.0,18,0.0
33326,Luxembourg,NOV2012,November 2012,2012,11,November,Other combustible non-renewables,4.953,12,59.181
33333,Luxembourg,NOV2012,November 2012,2012,11,November,Final consumption,534.647,20,6219.798
33375,Netherlands,NOV2012,November 2012,2012,11,November,Combustible renewables,505.751,11,6905.702
33397,New Zealand,NOV2012,November 2012,2012,11,November,Oil,0.16,9,3.429
33399,New Zealand,NOV2012,November 2012,2012,11,November,Combustible renewables,48.573,11,570.614
33504,OECD Europe,NOV2012,November 2012,2012,11,November,Other combustible non-renewables,1755.57,12,20546.29
33538,OECD Total,NOV2012,November 2012,2012,11,November,Distribution losses,55306.178,19,693057.034
33563,Poland,NOV2012,November 2012,2012,11,November,Distribution losses,931.164,19,10884.002
33625,Slovak Republic,NOV2012,November 2012,2012,11,November,Hydro,294.909,1,4022.999
33647,Slovak Republic,NOV2012,November 2012,2012,11,November,Other renewables aggregated,84.69,25,823.933
33662,Slovenia,NOV2012,November 2012,2012,11,November,Total imports,497.733,15,7451.999
33716,Sweden,NOV2012,November 2012,2012,11,November,Final consumption,11596.213,20,132116.026
33733,Switzerland,NOV2012,November 2012,2012,11,November,Other combustible non-renewables,101.654,12,1142.835
33755,United Kingdom,NOV2012,November 2012,2012,11,November,Coal,13066.455,8,137810.316
33806,Australia,DEC2012,December 2012,2012,12,December,Coal,12577.106,8,153868.902
33828,Austria,DEC2012,December 2012,2012,12,December,Natural gas,1294.535,10,9272.393
33908,Chile,DEC2012,December 2012,2012,12,December,Renewables,2063.638,22,24871.883
33931,Czech Republic,DEC2012,December 2012,2012,12,December,Final consumption,5278.457,20,58020.191
33948,Denmark,DEC2012,December 2012,2012,12,December,Net electricity production,3409.37,14,29200.388
33952,Denmark,DEC2012,December 2012,2012,12,December,Distribution losses,215.641,19,2149.999
33955,Denmark,DEC2012,December 2012,2012,12,December,Renewables,1488.007,22,14508.385
33986,Finland,DEC2012,December 2012,2012,12,December,Coal,1635.038,8,10677.251
34092,Hungary,DEC2012,December 2012,2012,12,December,Total imports,1197.423,15,16970.001
34112,IEA Total,DEC2012,December 2012,2012,12,December,Oil,35127.291,9,373326.403
34143,Iceland,DEC2012,December 2012,2012,12,December,Low carbon,1529.481,26,17292.999
34167,Ireland,DEC2012,December 2012,2012,12,December,Fossil fuels,1774.447,27,21038.726
34368,New Zealand,DEC2012,December 2012,2012,12,December,Not specified,2.945,13,35.34
34397,Norway,DEC2012,December 2012,2012,12,December,Used for pumped storage,152.935,18,1551.0
34516,Poland,DEC2012,December 2012,2012,12,December,Solar,0.013,3,1.0
34522,Poland,DEC2012,December 2012,2012,12,December,Combustible renewables,791.772,11,9153.799
34568,Republic of Turkiye,DEC2012,December 2012,2012,12,December,Geothermal,88.015,4,768.0
34625,Slovenia,DEC2012,December 2012,2012,12,December,Combustible renewables,23.487,11,236.211
34635,Slovenia,DEC2012,December 2012,2012,12,December,Electricity trade,184.289,21,1039.0
34651,Spain,DEC2012,December 2012,2012,12,December,Other combustible non-renewables,60.488,12,684.761
34844,Canada,JAN2013,January 2013,2013,1,January,Coal,5876.714,8,60924.819
34981,France,JAN2013,January 2013,2013,1,January,Coal,3435.086,8,24788.85
35221,Latvia,JAN2013,January 2013,2013,1,January,Total exports,266.854,16,3649.998
35236,Lithuania,JAN2013,January 2013,2013,1,January,Total combustible fuels,294.206,7,2524.999
35257,Luxembourg,JAN2013,January 2013,2013,1,January,Wind,7.265,2,83.028
35301,Mexico,JAN2013,January 2013,2013,1,January,Non-renewables,20208.678,23,248196.121
35316,Netherlands,JAN2013,January 2013,2013,1,January,Other combustible non-renewables,157.853,12,1624.416
35363,Norway,JAN2013,January 2013,2013,1,January,Combustible renewables,37.039,11,395.998
35367,Norway,JAN2013,January 2013,2013,1,January,Total imports,1025.899,15,10135.001
35420,OECD Asia Oceania,JAN2013,January 2013,2013,1,January,Net electricity production,175796.577,14,1852324.219
35468,OECD Total,JAN2013,January 2013,2013,1,January,Coal,298726.572,8,3297961.915
35512,Poland,JAN2013,January 2013,2013,1,January,Fossil fuels,12442.009,27,133343.971
35605,Slovenia,JAN2013,January 2013,2013,1,January,Used for pumped storage,23.753,18,391.432
35641,Sweden,JAN2013,January 2013,2013,1,January,Solar,0.644,3,35.0
35650,Sweden,JAN2013,January 2013,2013,1,January,Total imports,873.069,15,12674.0
35701,United Kingdom,JAN2013,January 2013,2013,1,January,Net electricity production,33631.598,14,340434.0
35787,Belgium,FEB2013,February 2013,2013,2,February,Wind,285.48,2,3597.999
35905,Estonia,FEB2013,February 2013,2013,2,February,Coal,962.255,8,10429.988
35915,Estonia,FEB2013,February 2013,2013,2,February,Final consumption,658.235,20,7332.001
35923,Finland,FEB2013,February 2013,2013,2,February,Hydro,1278.0,1,12672.0
36079,Iceland,FEB2013,February 2013,2013,2,February,Net electricity production,1430.095,14,18000.0
36145,Japan,FEB2013,February 2013,2013,2,February,Natural gas,34373.451,10,410761.704
36274,Mexico,FEB2013,February 2013,2013,2,February,Non-renewables,18931.612,23,248196.121
36363,OECD Americas,FEB2013,February 2013,2013,2,February,Combustible renewables,5998.546,11,78824.452
36402,OECD Asia Oceania,FEB2013,February 2013,2013,2,February,Non-renewables,140143.191,23,1652317.18
36436,OECD Total,FEB2013,February 2013,2013,2,February,Solar,5079.689,3,118125.058
36448,OECD Total,FEB2013,February 2013,2013,2,February,Total imports,37537.832,15,460535.263
36628,Sweden,FEB2013,February 2013,2013,2,February,Final consumption,12511.612,20,129341.044
36652,Switzerland,FEB2013,February 2013,2013,2,February,Distribution losses,421.62,19,4663.99
36928,France,MAR2013,March 2013,2013,3,March,Coal,3425.493,8,24788.85
36936,France,MAR2013,March 2013,2013,3,March,Total exports,3406.022,16,60148.0
37027,IEA Total,MAR2013,March 2013,2013,3,March,Total combustible fuels,534629.204,7,6354139.233
37074,Ireland,MAR2013,March 2013,2013,3,March,Total exports,29.399,16,382.971
37154,Korea,MAR2013,March 2013,2013,3,March,Other renewables aggregated,152.723,25,1693.639
37167,Latvia,MAR2013,March 2013,2013,3,March,Total imports,377.075,15,5005.0
37199,Lithuania,MAR2013,March 2013,2013,3,March,Others,42.862,24,436.618
37313,Norway,MAR2013,March 2013,2013,3,March,Net electricity production,12239.042,14,133486.0
37382,OECD Europe,MAR2013,March 2013,2013,3,March,Wind,23696.34,2,238196.59
37388,OECD Europe,MAR2013,March 2013,2013,3,March,Coal,80479.867,8,870094.503
37416,OECD Total,MAR2013,March 2013,2013,3,March,Oil,25896.346,9,323272.79
37438,Poland,MAR2013,March 2013,2013,3,March,Geothermal,0.0,4,0.0
37476,Portugal,MAR2013,March 2013,2013,3,March,Used for pumped storage,121.583,18,1458.996
37501,Republic of Turkiye,MAR2013,March 2013,2013,3,March,Total exports,11.49,16,1227.001
37552,Slovenia,MAR2013,March 2013,2013,3,March,Used for pumped storage,32.599,18,391.432
37649,United Kingdom,MAR2013,March 2013,2013,3,March,Total imports,1265.977,15,17531.999
37667,United States,MAR2013,March 2013,2013,3,March,Total combustible fuels,224719.824,7,2813302.002
37694,Australia,APR2013,April 2013,2013,4,April,Oil,8.372,9,4428.611
37764,Canada,APR2013,April 2013,2013,4,April,Coal,4783.191,8,60924.819
37782,Canada,APR2013,April 2013,2013,4,April,Low carbon,40848.851,26,516504.895
37845,Denmark,APR2013,April 2013,2013,4,April,Non-renewables,1610.682,23,17470.741
37848,Denmark,APR2013,April 2013,2013,4,April,Low carbon,1324.509,26,15667.377
37899,France,APR2013,April 2013,2013,4,April,Other renewables,34.042,5,408.504
37932,Germany,APR2013,April 2013,2013,4,April,Other combustible non-renewables,471.442,12,6101.157
37935,Germany,APR2013,April 2013,2013,4,April,Total imports,3115.478,15,39222.0
38032,Iceland,APR2013,April 2013,2013,4,April,Non-renewables,0.199,23,4.998
38062,Italy,APR2013,April 2013,2013,4,April,Solar,2075.354,3,21229.001
38153,Latvia,APR2013,April 2013,2013,4,April,Fossil fuels,95.029,27,2393.776
38197,Luxembourg,APR2013,April 2013,2013,4,April,Non-renewables,100.946,23,1465.123
38206,Mexico,APR2013,April 2013,2013,4,April,Nuclear,976.91,6,11377.001
38208,Mexico,APR2013,April 2013,2013,4,April,Coal,2671.678,8,30769.393
38315,OECD Americas,APR2013,April 2013,2013,4,April,Total imports,6343.042,15,80851.001
38337,OECD Asia Oceania,APR2013,April 2013,2013,4,April,Natural gas,47494.117,10,604633.392
38350,OECD Asia Oceania,APR2013,April 2013,2013,4,April,Non-renewables,125285.776,23,1652317.18
38401,OECD Total,APR2013,April 2013,2013,4,April,Final consumption,744473.466,20,9645713.756
38426,Poland,APR2013,April 2013,2013,4,April,Final consumption,10917.652,20,134481.001
38464,Republic of Turkiye,APR2013,April 2013,2013,4,April,Other renewables,0.0,5,0.0
38502,Slovak Republic,APR2013,April 2013,2013,4,April,Used for pumped storage,49.498,18,452.003
38583,Sweden,APR2013,April 2013,2013,4,April,Fossil fuels,360.96,27,3831.266
38648,United States,APR2013,April 2013,2013,4,April,Net electricity production,300811.744,14,4093400.999
38657,United States,APR2013,April 2013,2013,4,April,Non-renewables,250273.925,23,3543216.182
38688,Austria,MAY2013,May 2013,2013,5,May,Oil,42.41,9,664.36
38867,Finland,MAY2013,May 2013,2013,5,May,Low carbon,4172.751,26,47770.094
38897,Germany,MAY2013,May 2013,2013,5,May,Wind,3109.134,2,51708.0
38918,Germany,MAY2013,May 2013,2013,5,May,Others,1014.929,24,14397.37
39000,Iceland,MAY2013,May 2013,2013,5,May,Oil,0.212,9,4.998
39013,Ireland,MAY2013,May 2013,2013,5,May,Solar,0.064,3,0.698
39033,Ireland,MAY2013,May 2013,2013,5,May,Fossil fuels,1314.333,27,19172.589
39069,Japan,MAY2013,May 2013,2013,5,May,Other combustible non-renewables,1008.634,12,13951.672
39123,Latvia,MAY2013,May 2013,2013,5,May,Non-renewables,50.365,23,2393.776
39222,Netherlands,MAY2013,May 2013,2013,5,May,Others,222.017,24,2898.03
39309,OECD Asia Oceania,MAY2013,May 2013,2013,5,May,Coal,53348.637,8,694384.345
39365,OECD Total,MAY2013,May 2013,2013,5,May,Natural gas,187327.313,10,2494164.114
39381,OECD Total,MAY2013,May 2013,2013,5,May,Low carbon,351617.13,26,4229916.926
39388,Poland,MAY2013,May 2013,2013,5,May,Coal,9857.109,8,126808.536
39390,Poland,MAY2013,May 2013,2013,5,May,Natural gas,325.01,10,4781.702
39420,Portugal,MAY2013,May 2013,2013,5,May,Net electricity production,3672.485,14,50411.9
39482,Slovak Republic,MAY2013,May 2013,2013,5,May,Others,38.798,24,514.507
39599,United Kingdom,MAY2013,May 2013,2013,5,May,Electricity supplied,27605.573,17,354865.0
39624,United States,MAY2013,May 2013,2013,5,May,Total exports,950.09,16,11353.002
39633,United States,MAY2013,May 2013,2013,5,May,Other renewables aggregated,6459.49,25,78844.827
39638,Australia,JUN2013,June 2013,2013,6,June,Solar,142.383,3,3752.444
39642,Australia,JUN2013,June 2013,2013,6,June,Oil,29.178,9,4428.611
39680,Austria,JUN2013,June 2013,2013,6,June,Fossil fuels,387.305,27,13472.988
39765,Czech Republic,JUN2013,June 2013,2013,6,June,Electricity supplied,4525.898,17,62890.004
39817,Estonia,JUN2013,June 2013,2013,6,June,Low carbon,68.782,26,1144.092
39864,France,JUN2013,June 2013,2013,6,June,Renewables,9470.65,22,103151.674
39920,Hungary,JUN2013,June 2013,2013,6,June,Wind,60.891,2,693.001
39993,Ireland,JUN2013,June 2013,2013,6,June,Other combustible non-renewables,5.483,12,62.925
40058,Korea,JUN2013,June 2013,2013,6,June,Solar,163.873,3,1594.999
40092,Latvia,JUN2013,June 2013,2013,6,June,Used for pumped storage,0.0,18,0.0
40114,Lithuania,JUN2013,June 2013,2013,6,June,Electricity supplied,872.868,17,11396.778
40159,Mexico,JUN2013,June 2013,2013,6,June,Combustible renewables,106.378,11,1135.882
40186,Netherlands,JUN2013,June 2013,2013,6,June,Not specified,13.728,13,122.999
40225,Norway,JUN2013,June 2013,2013,6,June,Hydro,9204.119,1,128112.001
40349,OECD Total,JUN2013,June 2013,2013,6,June,Final consumption,780731.807,20,9645713.756
40465,Slovenia,JUN2013,June 2013,2013,6,June,Coal,306.585,8,4312.689
40543,Switzerland,JUN2013,June 2013,2013,6,June,Net electricity production,5873.83,14,68514.99
40565,United Kingdom,JUN2013,June 2013,2013,6,June,Oil,70.596,9,1973.133
40570,United Kingdom,JUN2013,June 2013,2013,6,June,Net electricity production,24730.466,14,340434.0
40703,Canada,JUL2013,July 2013,2013,7,July,Other renewables aggregated,773.52,25,9229.892
40727,Czech Republic,JUL2013,July 2013,2013,7,July,Solar,328.776,3,2014.001
40748,Czech Republic,JUL2013,July 2013,2013,7,July,Low carbon,3190.31,26,38794.582
40835,France,JUL2013,July 2013,2013,7,July,Distribution losses,2816.099,19,38785.214
40857,Germany,JUL2013,July 2013,2013,7,July,Total imports,4093.734,15,39222.0
40892,Greece,JUL2013,July 2013,2013,7,July,Fossil fuels,3699.091,27,38205.03
40896,Hungary,JUL2013,July 2013,2013,7,July,Nuclear,1252.267,6,14438.999
40901,Hungary,JUL2013,July 2013,2013,7,July,Combustible renewables,164.073,11,1661.237
40908,Hungary,JUL2013,July 2013,2013,7,July,Distribution losses,310.478,19,3663.0
40918,IEA Total,JUL2013,July 2013,2013,7,July,Wind,25719.672,2,445666.172
40951,Iceland,JUL2013,July 2013,2013,7,July,Distribution losses,30.556,19,374.0
40966,Ireland,JUL2013,July 2013,2013,7,July,Combustible renewables,34.971,11,466.991
40978,Ireland,JUL2013,July 2013,2013,7,July,Others,10.976,24,244.42
40988,Italy,JUL2013,July 2013,2013,7,July,Oil,1354.637,9,14712.559
41001,Italy,JUL2013,July 2013,2013,7,July,Renewables,11289.633,22,111672.887
41080,Lithuania,JUL2013,July 2013,2013,7,July,Oil,13.203,9,185.238
41082,Lithuania,JUL2013,July 2013,2013,7,July,Combustible renewables,22.881,11,321.02
41146,Mexico,JUL2013,July 2013,2013,7,July,Other renewables aggregated,617.204,25,6897.881
41154,Netherlands,JUL2013,July 2013,2013,7,July,Total combustible fuels,6058.409,7,88438.33
41203,Norway,JUL2013,July 2013,2013,7,July,Coal,14.707,8,150.001
41244,OECD Americas,JUL2013,July 2013,2013,7,July,Renewables,86548.91,22,1031201.838
41360,Portugal,JUL2013,July 2013,2013,7,July,Nuclear,0.0,6,0.0
41401,Republic of Turkiye,JUL2013,July 2013,2013,7,July,Final consumption,18287.546,20,198044.998
41473,Spain,JUL2013,July 2013,2013,7,July,Distribution losses,2341.283,19,26694.0
41499,Sweden,JUL2013,July 2013,2013,7,July,Electricity trade,1473.801,21,10001.999
41542,United Kingdom,JUL2013,July 2013,2013,7,July,Other combustible non-renewables,157.189,12,1886.268
41594,Australia,AUG2013,August 2013,2013,8,August,Electricity supplied,19509.997,17,231363.001
41664,Canada,AUG2013,August 2013,2013,8,August,Not specified,203.417,13,2441.004
41688,Chile,AUG2013,August 2013,2013,8,August,Net electricity production,5988.817,14,69744.002
41700,Czech Republic,AUG2013,August 2013,2013,8,August,Solar,279.676,3,2014.001
41747,Estonia,AUG2013,August 2013,2013,8,August,Total combustible fuels,947.969,7,11268.0
41801,France,AUG2013,August 2013,2013,8,August,Other combustible non-renewables,102.384,12,2000.904
41820,Germany,AUG2013,August 2013,2013,8,August,Geothermal,5.359,4,69.001
41977,Italy,AUG2013,August 2013,2013,8,August,Other renewables aggregated,1776.452,25,21563.492
42047,Latvia,AUG2013,August 2013,2013,8,August,Low carbon,120.935,26,3406.183
42057,Lithuania,AUG2013,August 2013,2013,8,August,Not specified,19.0,13,228.0
42088,Luxembourg,AUG2013,August 2013,2013,8,August,Distribution losses,10.27,19,153.102
42133,Netherlands,AUG2013,August 2013,2013,8,August,Not specified,6.111,13,122.999
42197,OECD Americas,AUG2013,August 2013,2013,8,August,Wind,10847.588,2,190345.887
42209,OECD Americas,AUG2013,August 2013,2013,8,August,Total imports,7956.054,15,80851.001
42228,OECD Asia Oceania,AUG2013,August 2013,2013,8,August,Total combustible fuels,136862.201,7,1508288.4
42254,OECD Europe,AUG2013,August 2013,2013,8,August,Nuclear,65216.572,6,831972.686
42264,OECD Europe,AUG2013,August 2013,2013,8,August,Total exports,30351.185,16,363945.605
42327,Poland,AUG2013,August 2013,2013,8,August,Fossil fuels,10602.867,27,133343.971
42361,Republic of Turkiye,AUG2013,August 2013,2013,8,August,Coal,5230.547,8,60160.051
42375,Republic of Turkiye,AUG2013,August 2013,2013,8,August,Renewables,6224.71,22,67756.034
42425,Slovenia,AUG2013,August 2013,2013,8,August,Non-renewables,908.353,23,9811.269
42614,Belgium,SEP2013,September 2013,2013,9,September,Total exports,344.012,16,7603.001
42626,Canada,SEP2013,September 2013,2013,9,September,Hydro,27248.667,1,387981.001
42707,Denmark,SEP2013,September 2013,2013,9,September,Electricity supplied,2623.508,17,34220.121
42748,Finland,SEP2013,September 2013,2013,9,September,Not specified,22.417,13,269.004
42798,Germany,SEP2013,September 2013,2013,9,September,Combustible renewables,3483.962,11,42214.681
42851,Hungary,SEP2013,September 2013,2013,9,September,Total exports,524.779,16,4758.0
43009,Latvia,SEP2013,September 2013,2013,9,September,Total exports,243.866,16,3649.998
43018,Latvia,SEP2013,September 2013,2013,9,September,Other renewables aggregated,42.444,25,449.224
43049,Luxembourg,SEP2013,September 2013,2013,9,September,Total combustible fuels,32.111,7,1558.385
43241,OECD Europe,SEP2013,September 2013,2013,9,September,Electricity trade,-852.087,21,-15738.657
43371,Slovak Republic,SEP2013,September 2013,2013,9,September,Electricity trade,-33.719,21,-90.999
43380,Slovenia,SEP2013,September 2013,2013,9,September,Solar,20.006,3,215.063
43456,Switzerland,SEP2013,September 2013,2013,9,September,Oil,3.003,9,41.437
43495,United Kingdom,SEP2013,September 2013,2013,9,September,Electricity trade,-1372.714,21,-14431.0
43510,United States,SEP2013,September 2013,2013,9,September,Natural gas,98896.136,10,1091493.613
43658,Czech Republic,OCT2013,October 2013,2013,10,October,Distribution losses,368.621,19,4097.999
43722,Finland,OCT2013,October 2013,2013,10,October,Total imports,1464.25,15,17591.002
43872,Iceland,OCT2013,October 2013,2013,10,October,Others,0.569,24,4.998
43881,Ireland,OCT2013,October 2013,2013,10,October,Oil,15.048,9,181.495
43917,Italy,OCT2013,October 2013,2013,10,October,Electricity trade,-4446.411,21,-42138.002
43962,Korea,OCT2013,October 2013,2013,10,October,Final consumption,38900.097,20,497750.909
43972,Latvia,OCT2013,October 2013,2013,10,October,Total combustible fuels,439.034,7,2842.999
43983,Latvia,OCT2013,October 2013,2013,10,October,Distribution losses,51.03,19,574.888
44054,Mexico,OCT2013,October 2013,2013,10,October,Total exports,167.422,16,1240.0
44064,Mexico,OCT2013,October 2013,2013,10,October,Fossil fuels,18293.949,27,236819.12
44136,Norway,OCT2013,October 2013,2013,10,October,Low carbon,10549.841,26,130643.002
44143,OECD Americas,OCT2013,October 2013,2013,10,October,Total combustible fuels,251183.318,7,3232842.002
44169,OECD Asia Oceania,OCT2013,October 2013,2013,10,October,Nuclear,11217.71,6,142897.836
44175,OECD Asia Oceania,OCT2013,October 2013,2013,10,October,Other combustible non-renewables,1169.595,12,14440.36
44182,OECD Asia Oceania,OCT2013,October 2013,2013,10,October,Distribution losses,6353.422,19,79615.499
44237,OECD Total,OCT2013,October 2013,2013,10,October,Final consumption,766652.171,20,9645713.756
44239,OECD Total,OCT2013,October 2013,2013,10,October,Renewables,182017.358,22,2323235.745
44327,Slovak Republic,OCT2013,October 2013,2013,10,October,Total combustible fuels,510.898,7,7243.0
44348,Slovenia,OCT2013,October 2013,2013,10,October,Hydro,353.534,1,4855.0
44434,Switzerland,OCT2013,October 2013,2013,10,October,Used for pumped storage,159.121,18,2132.002
44480,United States,OCT2013,October 2013,2013,10,October,Combustible renewables,5371.876,11,63069.825
44486,United States,OCT2013,October 2013,2013,10,October,Electricity supplied,321697.65,17,4150994.996
44522,Austria,NOV2013,November 2013,2013,11,November,Coal,552.492,8,5851.196
44546,Belgium,NOV2013,November 2013,2013,11,November,Total combustible fuels,2489.558,7,31407.0
44682,Finland,NOV2013,November 2013,2013,11,November,Solar,0.142,3,6.452
44727,France,NOV2013,November 2013,2013,11,November,Others,964.759,24,8819.833
44739,Germany,NOV2013,November 2013,2013,11,November,Natural gas,5934.361,10,63754.241
44795,Hungary,NOV2013,November 2013,2013,11,November,Distribution losses,309.775,19,3663.0
44798,Hungary,NOV2013,November 2013,2013,11,November,Renewables,243.414,22,2586.858
44875,Italy,NOV2013,November 2013,2013,11,November,Oil,1167.152,9,14712.559
44934,Korea,NOV2013,November 2013,2013,11,November,Non-renewables,41203.096,23,508718.364
45007,Luxembourg,NOV2013,November 2013,2013,11,November,Other renewables aggregated,14.113,25,93.264
45008,Luxembourg,NOV2013,November 2013,2013,11,November,Low carbon,118.912,26,1395.246
45014,Mexico,NOV2013,November 2013,2013,11,November,Nuclear,956.451,6,11377.001
45067,New Zealand,NOV2013,November 2013,2013,11,November,Combustible renewables,44.541,11,566.57
45070,New Zealand,NOV2013,November 2013,2013,11,November,Net electricity production,3388.286,14,41870.855
45323,Slovenia,NOV2013,November 2013,2013,11,November,Total combustible fuels,460.468,7,5007.0
45353,Spain,NOV2013,November 2013,2013,11,November,Net electricity production,22927.75,14,275399.0
45391,Switzerland,NOV2013,November 2013,2013,11,November,Hydro,3289.499,1,39572.001
45456,United States,NOV2013,November 2013,2013,11,November,Total imports,5561.726,15,68946.999
45480,Australia,DEC2013,December 2013,2013,12,December,Used for pumped storage,12.948,18,205.049
45534,Belgium,DEC2013,December 2013,2013,12,December,Non-renewables,6763.637,23,67534.007
45687,France,DEC2013,December 2013,2013,12,December,Other combustible non-renewables,212.47,12,2000.904
45756,Hungary,DEC2013,December 2013,2013,12,December,Total combustible fuels,1216.561,7,12637.0
45762,Hungary,DEC2013,December 2013,2013,12,December,Not specified,2.417,13,29.004
45769,Hungary,DEC2013,December 2013,2013,12,December,Electricity trade,-1061.985,21,-11877.0
45804,Iceland,DEC2013,December 2013,2013,12,December,Wind,0.423,2,2.999
45869,Japan,DEC2013,December 2013,2013,12,December,Geothermal,218.696,4,2316.471
45874,Japan,DEC2013,December 2013,2013,12,December,Combustible renewables,1576.117,11,15647.729
45944,Lithuania,DEC2013,December 2013,2013,12,December,Total imports,663.836,15,8073.0
46015,Netherlands,DEC2013,December 2013,2013,12,December,Natural gas,5608.617,10,53628.416
46038,New Zealand,DEC2013,December 2013,2013,12,December,Oil,0.047,9,3.397
46051,New Zealand,DEC2013,December 2013,2013,12,December,Renewables,2941.408,22,31445.925
46097,OECD Americas,DEC2013,December 2013,2013,12,December,Electricity supplied,445975.656,17,5095288.382
46270,Slovak Republic,DEC2013,December 2013,2013,12,December,Nuclear,1335.53,6,14623.999
46318,Spain,DEC2013,December 2013,2013,12,December,Solar,592.503,3,12661.999
46339,Spain,DEC2013,December 2013,2013,12,December,Fossil fuels,11461.074,27,107530.861
46403,United Kingdom,DEC2013,December 2013,2013,12,December,Total imports,1406.171,15,17531.999
46457,Australia,JAN2014,January 2014,2014,1,January,Non-renewables,19353.126,23,205342.418
46564,Colombia,JAN2014,January 2014,2014,1,January,Combustible renewables,99.721,11,1264.093
46579,Czech Republic,JAN2014,January 2014,2014,1,January,Wind,40.315,2,469.001
46611,Denmark,JAN2014,January 2014,2014,1,January,Other combustible non-renewables,61.353,12,670.586
46729,Greece,JAN2014,January 2014,2014,1,January,Natural gas,825.237,10,6112.276
46734,Greece,JAN2014,January 2014,2014,1,January,Total exports,94.025,16,641.999
46758,Hungary,JAN2014,January 2014,2014,1,January,Total imports,1618.085,15,19079.0
46760,Hungary,JAN2014,January 2014,2014,1,January,Electricity supplied,3584.524,17,40531.001
46790,IEA Total,JAN2014,January 2014,2014,1,January,Electricity trade,229.69,21,-17757.484
46809,Iceland,JAN2014,January 2014,2014,1,January,Other renewables aggregated,463.647,25,5237.999
46836,Italy,JAN2014,January 2014,2014,1,January,Wind,1666.585,2,15088.999
46926,Lithuania,JAN2014,January 2014,2014,1,January,Hydro,103.0,1,1071.0
46981,Mexico,JAN2014,January 2014,2014,1,January,Natural gas,11976.549,10,164550.891
47033,New Zealand,JAN2014,January 2014,2014,1,January,Not specified,3.949,13,47.388
47035,New Zealand,JAN2014,January 2014,2014,1,January,Total imports,0.0,15,0.0
47038,New Zealand,JAN2014,January 2014,2014,1,January,Used for pumped storage,0.0,18,0.0
47114,OECD Asia Oceania,JAN2014,January 2014,2014,1,January,Total exports,0.0,16,0.0
47210,Portugal,JAN2014,January 2014,2014,1,January,Total combustible fuels,1561.165,7,22431.999
47249,Republic of Turkiye,JAN2014,January 2014,2014,1,January,Distribution losses,3204.171,19,37331.001
47263,Slovak Republic,JAN2014,January 2014,2014,1,January,Coal,306.327,8,2928.446
47267,Slovak Republic,JAN2014,January 2014,2014,1,January,Other combustible non-renewables,2.282,12,21.815
47272,Slovak Republic,JAN2014,January 2014,2014,1,January,Electricity supplied,2419.652,17,26109.001
47299,Slovenia,JAN2014,January 2014,2014,1,January,Final consumption,1134.962,20,12559.053
47319,Spain,JAN2014,January 2014,2014,1,January,Total exports,1378.829,16,15715.999
47324,Spain,JAN2014,January 2014,2014,1,January,Electricity trade,-36.632,21,3405.999
47469,Austria,FEB2014,February 2014,2014,2,February,Distribution losses,288.657,19,3409.874
47473,Austria,FEB2014,February 2014,2014,2,February,Non-renewables,1141.816,23,10867.237
47506,Canada,FEB2014,February 2014,2014,2,February,Other renewables,1.302,5,15.0
47605,Denmark,FEB2014,February 2014,2014,2,February,Total exports,1076.591,16,9847.001
47656,Finland,FEB2014,February 2014,2014,2,February,Non-renewables,3581.16,23,39947.934
47660,Finland,FEB2014,February 2014,2014,2,February,Fossil fuels,1719.979,27,17301.934
47686,France,FEB2014,February 2014,2014,2,February,Low carbon,47049.025,26,515099.205
47718,Greece,FEB2014,February 2014,2014,2,February,Coal,2027.333,8,23224.119
47791,Iceland,FEB2014,February 2014,2014,2,February,Total combustible fuels,0.621,7,3.0
47840,Italy,FEB2014,February 2014,2014,2,February,Electricity supplied,25435.993,17,312863.934
47904,Latvia,FEB2014,February 2014,2014,2,February,Total imports,443.166,15,5340.001
47933,Lithuania,FEB2014,February 2014,2014,2,February,Final consumption,836.394,20,10011.985
47947,Luxembourg,FEB2014,February 2014,2014,2,February,Natural gas,101.421,10,1436.172
47998,Netherlands,FEB2014,February 2014,2014,2,February,Combustible renewables,385.315,11,4772.986
48071,OECD Americas,FEB2014,February 2014,2014,2,February,Oil,6748.719,9,82111.446
48081,OECD Americas,FEB2014,February 2014,2014,2,February,Distribution losses,28932.222,19,363818.999
48177,Poland,FEB2014,February 2014,2014,2,February,Oil,116.287,9,1446.774
48194,Poland,FEB2014,February 2014,2014,2,February,Low carbon,1707.876,26,19485.482
48343,Sweden,FEB2014,February 2014,2014,2,February,Other renewables aggregated,1011.231,25,10321.735
48462,Austria,MAR2014,March 2014,2014,3,March,Electricity trade,-1670.385,21,-9274.725
48466,Austria,MAR2014,March 2014,2014,3,March,Other renewables aggregated,373.906,25,4325.613
48612,Estonia,MAR2014,March 2014,2014,3,March,Natural gas,4.727,10,60.632
48839,Italy,MAR2014,March 2014,2014,3,March,Other renewables aggregated,1899.021,25,23333.401
48876,Korea,MAR2014,March 2014,2014,3,March,Net electricity production,46183.049,14,530007.0
48950,Luxembourg,MAR2014,March 2014,2014,3,March,Non-renewables,191.674,23,1491.069
48955,Mexico,MAR2014,March 2014,2014,3,March,Hydro,3307.582,1,38549.0
48959,Mexico,MAR2014,March 2014,2014,3,March,Nuclear,729.367,6,9303.0
49021,New Zealand,MAR2014,March 2014,2014,3,March,Distribution losses,227.691,19,2844.222
49097,OECD Asia Oceania,MAR2014,March 2014,2014,3,March,Electricity supplied,160827.04,17,1860022.501
49120,OECD Europe,MAR2014,March 2014,2014,3,March,Not specified,482.609,13,5295.908
49155,OECD Total,MAR2014,March 2014,2014,3,March,Electricity trade,-1506.118,21,-16529.487
49194,Portugal,MAR2014,March 2014,2014,3,March,Oil,83.065,9,1298.645
49215,Republic of Turkiye,MAR2014,March 2014,2014,3,March,Solar,0.623,3,17.0
49238,Republic of Turkiye,MAR2014,March 2014,2014,3,March,Low carbon,4798.694,26,51634.153
49245,Slovak Republic,MAR2014,March 2014,2014,3,March,Coal,258.868,8,2928.446
49294,Spain,MAR2014,March 2014,2014,3,March,Coal,1286.402,8,42855.739
49382,United Kingdom,MAR2014,March 2014,2014,3,March,Electricity trade,-1450.938,21,-18627.918
49402,United States,MAR2014,March 2014,2014,3,March,Total imports,5584.218,15,66511.001
49493,Canada,APR2014,April 2014,2014,4,April,Natural gas,4291.232,10,53931.057
49591,Denmark,APR2014,April 2014,2014,4,April,Electricity trade,-264.887,21,-2854.997
49639,Finland,APR2014,April 2014,2014,4,April,Others,68.553,24,853.459
49682,Germany,APR2014,April 2014,2014,4,April,Net electricity production,47040.098,14,590874.002
49741,Hungary,APR2014,April 2014,2014,4,April,Low carbon,1274.496,26,17719.036
49751,IEA Total,APR2014,April 2014,2014,4,April,Oil,21084.13,9,279418.998
49765,IEA Total,APR2014,April 2014,2014,4,April,Non-renewables,580483.26,23,7925977.904
49803,Ireland,APR2014,April 2014,2014,4,April,Non-renewables,1606.638,23,18672.379
49854,Japan,APR2014,April 2014,2014,4,April,Fossil fuels,68409.222,27,920910.264
50116,OECD Europe,APR2014,April 2014,2014,4,April,Used for pumped storage,3746.473,18,46832.157
50170,Poland,APR2014,April 2014,2014,4,April,Final consumption,10811.278,20,136308.001
50186,Portugal,APR2014,April 2014,2014,4,April,Natural gas,347.858,10,6540.114
50211,Republic of Turkiye,APR2014,April 2014,2014,4,April,Coal,5215.185,8,71977.95
50350,Switzerland,APR2014,April 2014,2014,4,April,Other renewables aggregated,128.176,25,1605.42
50410,Australia,MAY2014,May 2014,2014,5,May,Total combustible fuels,17375.473,7,208675.772
50443,Austria,MAY2014,May 2014,2014,5,May,Final consumption,5104.455,20,62557.417
50454,Belgium,MAY2014,May 2014,2014,5,May,Nuclear,2855.463,6,31969.002
50526,Colombia,MAY2014,May 2014,2014,5,May,Oil,172.284,9,1918.191
50600,Estonia,MAY2014,May 2014,2014,5,May,Electricity supplied,631.443,17,8259.002
50606,Estonia,MAY2014,May 2014,2014,5,May,Others,8.398,24,101.932
50698,Greece,MAY2014,May 2014,2014,5,May,Total exports,18.353,16,641.999
50701,Greece,MAY2014,May 2014,2014,5,May,Distribution losses,287.253,19,4149.001
50703,Greece,MAY2014,May 2014,2014,5,May,Electricity trade,-598.243,21,-8819.001
50745,IEA Total,MAY2014,May 2014,2014,5,May,Other combustible non-renewables,3675.924,12,47061.634
50749,IEA Total,MAY2014,May 2014,2014,5,May,Total exports,34814.754,16,460968.984
50764,Iceland,MAY2014,May 2014,2014,5,May,Total combustible fuels,0.127,7,3.0
50776,Ireland,MAY2014,May 2014,2014,5,May,Hydro,66.655,1,977.468
50832,Japan,MAY2014,May 2014,2014,5,May,Combustible renewables,1486.192,11,15919.837
50893,Lithuania,MAY2014,May 2014,2014,5,May,Total combustible fuels,66.163,7,2130.0
50902,Lithuania,MAY2014,May 2014,2014,5,May,Total exports,65.072,16,898.001
50922,Luxembourg,MAY2014,May 2014,2014,5,May,Other combustible non-renewables,4.876,12,54.897
50954,Mexico,MAY2014,May 2014,2014,5,May,Final consumption,22068.602,20,248198.736
50974,Netherlands,MAY2014,May 2014,2014,5,May,Net electricity production,6995.022,14,98714.698
50990,New Zealand,MAY2014,May 2014,2014,5,May,Geothermal,622.329,4,6872.852
51015,Norway,MAY2014,May 2014,2014,5,May,Total combustible fuels,160.128,7,3254.999
51090,OECD Europe,MAY2014,May 2014,2014,5,May,Hydro,52107.82,1,594856.718
51112,OECD Europe,MAY2014,May 2014,2014,5,May,Non-renewables,169230.159,23,2267528.43
51129,OECD Total,MAY2014,May 2014,2014,5,May,Not specified,2808.89,13,34118.456
51215,Republic of Turkiye,MAY2014,May 2014,2014,5,May,Electricity trade,-426.177,21,-5257.0
51253,Slovenia,MAY2014,May 2014,2014,5,May,Oil,0.352,9,36.703
51324,Switzerland,MAY2014,May 2014,2014,5,May,Total combustible fuels,268.576,7,3364.931
51382,United States,MAY2014,May 2014,2014,5,May,Not specified,332.0,13,3984.0
51436,Austria,JUN2014,June 2014,2014,6,June,Renewables,4713.396,22,51370.357
51466,Belgium,JUN2014,June 2014,2014,6,June,Fossil fuels,1911.677,27,24649.513
51548,Czech Republic,JUN2014,June 2014,2014,6,June,Used for pumped storage,64.448,18,1362.999
51567,Denmark,JUN2014,June 2014,2014,6,June,Net electricity production,1712.984,14,30815.249
51699,Greece,JUN2014,June 2014,2014,6,June,Low carbon,1080.131,26,12274.448
51758,Iceland,JUN2014,June 2014,2014,6,June,Electricity supplied,1413.008,17,17803.003
51760,Iceland,JUN2014,June 2014,2014,6,June,Final consumption,1375.455,20,17305.0
51776,Ireland,JUN2014,June 2014,2014,6,June,Net electricity production,1896.429,14,25312.627
51855,Korea,JUN2014,June 2014,2014,6,June,Non-renewables,41249.714,23,516516.306
51864,Latvia,JUN2014,June 2014,2014,6,June,Natural gas,111.223,10,2053.234
51964,Netherlands,JUN2014,June 2014,2014,6,June,Not specified,8.351,13,145.0
52053,OECD Americas,JUN2014,June 2014,2014,6,June,Fossil fuels,275479.872,27,3171230.779
52065,OECD Asia Oceania,JUN2014,June 2014,2014,6,June,Other combustible non-renewables,1119.449,12,14633.051
52068,OECD Asia Oceania,JUN2014,June 2014,2014,6,June,Total imports,0.0,15,0.0
52085,OECD Europe,JUN2014,June 2014,2014,6,June,Other renewables,39.719,5,476.628
52093,OECD Europe,JUN2014,June 2014,2014,6,June,Not specified,393.387,13,5295.908
52109,OECD Total,JUN2014,June 2014,2014,6,June,Wind,32165.452,2,484170.745
52135,Poland,JUN2014,June 2014,2014,6,June,Hydro,199.738,1,2708.0
52146,Poland,JUN2014,June 2014,2014,6,June,Net electricity production,10923.126,14,145214.001
52185,Portugal,JUN2014,June 2014,2014,6,June,Fossil fuels,1830.815,27,19521.074
52189,Republic of Turkiye,JUN2014,June 2014,2014,6,June,Geothermal,156.57,4,2040.001
52261,Slovenia,JUN2014,June 2014,2014,6,June,Fossil fuels,294.105,27,3654.541
52292,Sweden,JUN2014,June 2014,2014,6,June,Oil,13.539,9,289.502
52353,United Kingdom,JUN2014,June 2014,2014,6,June,Distribution losses,2069.825,19,54754.776
52406,Australia,JUL2014,July 2014,2014,7,July,Low carbon,3390.683,26,32869.815
52437,Belgium,JUL2014,July 2014,2014,7,July,Total combustible fuels,2133.34,7,28579.0
52454,Belgium,JUL2014,July 2014,2014,7,July,Others,134.193,24,1842.216
52500,Chile,JUL2014,July 2014,2014,7,July,Other renewables aggregated,492.477,25,5208.127
52513,Colombia,JUL2014,July 2014,2014,7,July,Total exports,23.181,16,849.0
52584,Estonia,JUL2014,July 2014,2014,7,July,Final consumption,504.419,20,7417.001
52650,Germany,JUL2014,July 2014,2014,7,July,Oil,302.102,9,5242.93
52680,Greece,JUL2014,July 2014,2014,7,July,Total exports,43.144,16,641.999
52699,Hungary,JUL2014,July 2014,2014,7,July,Natural gas,308.124,10,3787.362
52728,IEA Total,JUL2014,July 2014,2014,7,July,Not specified,2820.34,13,33827.456
52756,Iceland,JUL2014,July 2014,2014,7,July,Low carbon,1491.8,26,17800.0
52772,Ireland,JUL2014,July 2014,2014,7,July,Distribution losses,156.197,19,2028.393
52874,Lithuania,JUL2014,July 2014,2014,7,July,Solar,11.567,3,72.983
52881,Lithuania,JUL2014,July 2014,2014,7,July,Not specified,19.5,13,234.0
52927,Mexico,JUL2014,July 2014,2014,7,July,Natural gas,14448.154,10,164550.891
52951,Netherlands,JUL2014,July 2014,2014,7,July,Oil,125.982,9,1814.814
52993,New Zealand,JUL2014,July 2014,2014,7,July,Fossil fuels,736.115,27,8489.039
53097,OECD Europe,JUL2014,July 2014,2014,7,July,Low carbon,156147.765,26,1952665.434
53145,Poland,JUL2014,July 2014,2014,7,July,Renewables,1477.189,22,19349.486
53182,Republic of Turkiye,JUL2014,July 2014,2014,7,July,Nuclear,0.0,6,0.0
53205,Slovak Republic,JUL2014,July 2014,2014,7,July,Wind,0.5,2,6.0
53225,Slovak Republic,JUL2014,July 2014,2014,7,July,Others,26.805,24,391.337
53263,Spain,JUL2014,July 2014,2014,7,July,Net electricity production,23665.796,14,268380.001
53344,United Kingdom,JUL2014,July 2014,2014,7,July,Distribution losses,2114.345,19,54754.776
53428,Belgium,AUG2014,August 2014,2014,8,August,Total combustible fuels,2269.466,7,28579.0
53490,Chile,AUG2014,August 2014,2014,8,August,Others,140.851,24,4099.083
53503,Colombia,AUG2014,August 2014,2014,8,August,Total imports,20.77,15,47.0
53505,Colombia,AUG2014,August 2014,2014,8,August,Electricity supplied,5824.934,17,68225.299
53517,Czech Republic,AUG2014,August 2014,2014,8,August,Solar,232.315,3,2103.999
53525,Czech Republic,AUG2014,August 2014,2014,8,August,Not specified,7.39,13,75.001
53591,Finland,AUG2014,August 2014,2014,8,August,Combustible renewables,744.468,11,11155.061
53631,France,AUG2014,August 2014,2014,8,August,Other renewables aggregated,260.577,25,6099.131
53633,France,AUG2014,August 2014,2014,8,August,Fossil fuels,1351.63,27,34111.139
53647,Germany,AUG2014,August 2014,2014,8,August,Total imports,4697.146,15,40435.001
53662,Greece,AUG2014,August 2014,2014,8,August,Solar,426.485,3,3791.999
53765,Ireland,AUG2014,August 2014,2014,8,August,Electricity trade,-167.585,21,-2149.058
53772,Italy,AUG2014,August 2014,2014,8,August,Hydro,5872.646,1,59574.936
53786,Italy,AUG2014,August 2014,2014,8,August,Electricity supplied,23875.966,17,312863.934
53790,Italy,AUG2014,August 2014,2014,8,August,Electricity trade,-1873.206,21,-43715.999
53842,Latvia,AUG2014,August 2014,2014,8,August,Hydro,60.031,1,1953.0
53905,Luxembourg,AUG2014,August 2014,2014,8,August,Non-renewables,18.549,23,1491.069
53954,Netherlands,AUG2014,August 2014,2014,8,August,Renewables,922.013,22,11407.684
53985,Norway,AUG2014,August 2014,2014,8,August,Hydro,9315.986,1,135559.0
54048,OECD Asia Oceania,AUG2014,August 2014,2014,8,August,Not specified,1845.401,13,22308.552
54102,OECD Total,AUG2014,August 2014,2014,8,August,Not specified,2815.056,13,34118.456
54192,Republic of Turkiye,AUG2014,August 2014,2014,8,August,Other renewables aggregated,235.637,25,3062.15
54214,Slovak Republic,AUG2014,August 2014,2014,8,August,Renewables,614.117,22,5854.472
54223,Slovenia,AUG2014,August 2014,2014,8,August,Nuclear,512.0,6,6061.0
54284,Sweden,AUG2014,August 2014,2014,8,August,Final consumption,8947.854,20,126845.0
54381,Australia,SEP2014,September 2014,2014,9,September,Used for pumped storage,17.856,18,163.74
54430,Belgium,SEP2014,September 2014,2014,9,September,Used for pumped storage,129.0,18,1548.0
54431,Belgium,SEP2014,September 2014,2014,9,September,Distribution losses,315.408,19,3784.896
54491,Colombia,SEP2014,September 2014,2014,9,September,Natural gas,1043.316,10,13365.401
54502,Colombia,SEP2014,September 2014,2014,9,September,Others,166.453,24,1918.191
54529,Czech Republic,SEP2014,September 2014,2014,9,September,Low carbon,3369.732,26,38397.016
54551,Denmark,SEP2014,September 2014,2014,9,September,Low carbon,987.988,26,17666.24
54660,Greece,SEP2014,September 2014,2014,9,September,Net electricity production,3698.921,14,46702.0
54693,Hungary,SEP2014,September 2014,2014,9,September,Non-renewables,2109.392,23,24248.951
54800,Japan,SEP2014,September 2014,2014,9,September,Electricity supplied,80431.454,17,1049575.632
54830,Korea,SEP2014,September 2014,2014,9,September,Other renewables aggregated,161.435,25,2040.7
54895,Luxembourg,SEP2014,September 2014,2014,9,September,Renewables,110.557,22,1446.538
54921,Mexico,SEP2014,September 2014,2014,9,September,Non-renewables,21000.35,23,237931.657
54945,Netherlands,SEP2014,September 2014,2014,9,September,Renewables,619.357,22,11407.684
54954,New Zealand,SEP2014,September 2014,2014,9,September,Geothermal,561.916,4,6872.852
54967,New Zealand,SEP2014,September 2014,2014,9,September,Distribution losses,254.098,19,2844.222
54984,Norway,SEP2014,September 2014,2014,9,September,Other combustible non-renewables,15.768,12,209.999
55006,OECD Americas,SEP2014,September 2014,2014,9,September,Total combustible fuels,275971.059,7,3250873.775
55014,OECD Americas,SEP2014,September 2014,2014,9,September,Total imports,7117.944,15,81490.001
55062,OECD Europe,SEP2014,September 2014,2014,9,September,Oil,4453.868,9,54090.617
55145,Portugal,SEP2014,September 2014,2014,9,September,Net electricity production,3769.249,14,51527.109
55153,Portugal,SEP2014,September 2014,2014,9,September,Renewables,1662.214,22,32006.033
55155,Portugal,SEP2014,September 2014,2014,9,September,Others,166.403,24,1542.936
55179,Republic of Turkiye,SEP2014,September 2014,2014,9,September,Electricity trade,-337.667,21,-5257.0
55293,Switzerland,SEP2014,September 2014,2014,9,September,Not specified,0.0,13,0.0
55329,United Kingdom,SEP2014,September 2014,2014,9,September,Renewables,3839.99,22,66298.304
55401,Austria,OCT2014,October 2014,2014,10,October,Non-renewables,1104.543,23,10867.237
55430,Belgium,OCT2014,October 2014,2014,10,October,Fossil fuels,2655.784,27,24649.513
55474,Chile,OCT2014,October 2014,2014,10,October,Low carbon,3216.698,26,30234.127
55489,Colombia,OCT2014,October 2014,2014,10,October,Final consumption,5346.948,20,62375.299
55503,Czech Republic,OCT2014,October 2014,2014,10,October,Oil,10.621,9,93.944
55525,Denmark,OCT2014,October 2014,2014,10,October,Total combustible fuels,1429.232,7,17125.73
55614,France,OCT2014,October 2014,2014,10,October,Low carbon,38980.166,26,515099.205
55761,Italy,OCT2014,October 2014,2014,10,October,Natural gas,8243.13,10,88800.697
55782,Japan,OCT2014,October 2014,2014,10,October,Geothermal,187.493,4,2341.232
55949,New Zealand,OCT2014,October 2014,2014,10,October,Natural gas,677.939,10,6607.214
55982,Norway,OCT2014,October 2014,2014,10,October,Distribution losses,635.208,19,7605.0
56023,OECD Asia Oceania,OCT2014,October 2014,2014,10,October,Nuclear,12413.33,6,149165.001
56051,OECD Europe,OCT2014,October 2014,2014,10,October,Total combustible fuels,141451.964,7,1589259.54
56115,Poland,OCT2014,October 2014,2014,10,October,Distribution losses,894.211,19,10250.0
56117,Poland,OCT2014,October 2014,2014,10,October,Electricity trade,-198.913,21,-2165.999
56135,Portugal,OCT2014,October 2014,2014,10,October,Not specified,0.5,13,6.0
56193,Slovak Republic,OCT2014,October 2014,2014,10,October,Distribution losses,54.968,19,667.0
56317,United Kingdom,OCT2014,October 2014,2014,10,October,Distribution losses,2294.439,19,54754.776
56337,United States,OCT2014,October 2014,2014,10,October,Not specified,332.0,13,3984.0
56389,Austria,NOV2014,November 2014,2014,11,November,Final consumption,5205.133,20,62557.417
56403,Belgium,NOV2014,November 2014,2014,11,November,Oil,24.069,9,209.39
56492,Czech Republic,NOV2014,November 2014,2014,11,November,Coal,3564.132,8,38947.465
56590,France,NOV2014,November 2014,2014,11,November,Other combustible non-renewables,263.516,12,2032.538
56606,Germany,NOV2014,November 2014,2014,11,November,Hydro,2232.006,1,25047.999
56651,Greece,NOV2014,November 2014,2014,11,November,Others,321.035,24,5091.156
56664,Hungary,NOV2014,November 2014,2014,11,November,Other combustible non-renewables,8.36,12,105.404
56700,IEA Total,NOV2014,November 2014,2014,11,November,Renewables,188439.285,22,2332474.781
56720,Iceland,NOV2014,November 2014,2014,11,November,Fossil fuels,0.312,27,3.0
56758,Italy,NOV2014,November 2014,2014,11,November,Electricity supplied,25581.267,17,312863.934
56889,Mexico,NOV2014,November 2014,2014,11,November,Oil,2387.856,9,31583.529
56987,OECD Americas,NOV2014,November 2014,2014,11,November,Coal,131466.637,8,1736949.621
57014,OECD Asia Oceania,NOV2014,November 2014,2014,11,November,Coal,57878.819,8,708109.428
57023,OECD Asia Oceania,NOV2014,November 2014,2014,11,November,Electricity supplied,145622.556,17,1860022.501
57024,OECD Asia Oceania,NOV2014,November 2014,2014,11,November,Used for pumped storage,773.618,18,12230.107
57052,OECD Europe,NOV2014,November 2014,2014,11,November,Distribution losses,20439.91,19,266473.686
57102,Poland,NOV2014,November 2014,2014,11,November,Electricity supplied,12720.749,17,147380.0
57205,Slovenia,NOV2014,November 2014,2014,11,November,Used for pumped storage,33.324,18,362.975
57224,Spain,NOV2014,November 2014,2014,11,November,Other combustible non-renewables,50.707,12,649.057
57259,Sweden,NOV2014,November 2014,2014,11,November,Others,131.59,24,1375.135
57274,Switzerland,NOV2014,November 2014,2014,11,November,Net electricity production,5965.768,14,69985.931
57289,United Kingdom,NOV2014,November 2014,2014,11,November,Wind,2718.629,2,31958.999
57438,Chile,DEC2014,December 2014,2014,12,December,Solar,89.531,3,479.999
57440,Chile,DEC2014,December 2014,2014,12,December,Coal,2160.562,8,25425.673
57448,Chile,DEC2014,December 2014,2014,12,December,Final consumption,5565.199,20,65087.999
57490,Czech Republic,DEC2014,December 2014,2014,12,December,Electricity supplied,5794.698,17,62816.0
57515,Denmark,DEC2014,December 2014,2014,12,December,Final consumption,2967.836,20,31696.25
57531,Estonia,DEC2014,December 2014,2014,12,December,Net electricity production,1037.233,14,11013.001
57566,Finland,DEC2014,December 2014,2014,12,December,Low carbon,4465.32,26,48426.811
57571,France,DEC2014,December 2014,2014,12,December,Geothermal,6.24,4,74.88
57657,Hungary,DEC2014,December 2014,2014,12,December,Total exports,708.0,16,5689.0
57713,Ireland,DEC2014,December 2014,2014,12,December,Total combustible fuels,1641.452,7,19192.642
57767,Japan,DEC2014,December 2014,2014,12,December,Other combustible non-renewables,1346.446,12,14100.745
57821,Latvia,DEC2014,December 2014,2014,12,December,Other renewables aggregated,67.239,25,587.766
57871,Mexico,DEC2014,December 2014,2014,12,December,Hydro,2151.137,1,38549.0
57899,Netherlands,DEC2014,December 2014,2014,12,December,Geothermal,0.0,4,0.0
57901,Netherlands,DEC2014,December 2014,2014,12,December,Total combustible fuels,8811.233,7,88062.0
57944,New Zealand,DEC2014,December 2014,2014,12,December,Low carbon,2852.506,26,33785.978
57991,OECD Americas,DEC2014,December 2014,2014,12,December,Non-renewables,335888.253,23,4078907.778
58065,OECD Total,DEC2014,December 2014,2014,12,December,Total exports,42477.415,16,474837.983
58099,Poland,DEC2014,December 2014,2014,12,December,Other renewables aggregated,864.081,25,9055.488
58139,Republic of Turkiye,DEC2014,December 2014,2014,12,December,Other combustible non-renewables,1.319,12,11.326
58175,Slovak Republic,DEC2014,December 2014,2014,12,December,Non-renewables,1811.689,23,19152.523
58254,Switzerland,DEC2014,December 2014,2014,12,December,Solar,24.722,3,842.001
58393,Austria,JAN2015,January 2015,2015,1,January,Final consumption,6009.218,20,63583.965
58698,Germany,JAN2015,January 2015,2015,1,January,Solar,605.598,3,38725.999
58709,Germany,JAN2015,January 2015,2015,1,January,Total imports,2884.563,15,37008.001
58965,Lithuania,JAN2015,January 2015,2015,1,January,Used for pumped storage,82.91,18,923.999
59005,Malta,JAN2015,January 2015,2015,1,January,Final consumption,168.613,20,2115.989
59108,Norway,JAN2015,January 2015,2015,1,January,Hydro,14051.239,1,137810.001
59115,Norway,JAN2015,January 2015,2015,1,January,Other combustible non-renewables,18.297,12,218.0
59142,OECD Americas,JAN2015,January 2015,2015,1,January,Not specified,403.115,13,5218.995
59268,Portugal,JAN2015,January 2015,2015,1,January,Coal,1132.106,8,14106.605
59352,Serbia,JAN2015,January 2015,2015,1,January,Used for pumped storage,59.054,18,1089.999
59399,Slovenia,JAN2015,January 2015,2015,1,January,Electricity supplied,1274.643,17,14139.259
59461,Switzerland,JAN2015,January 2015,2015,1,January,Solar,33.225,3,1119.0
59488,United Kingdom,JAN2015,January 2015,2015,1,January,Nuclear,6011.506,6,63894.555
59492,United Kingdom,JAN2015,January 2015,2015,1,January,Natural gas,7528.035,10,97235.794
59562,Australia,FEB2015,February 2015,2015,2,February,Hydro,886.47102,1,14263.526273
59576,Australia,FEB2015,February 2015,2015,2,February,Renewables,2461.735282,22,35033.856311
59612,Belgium,FEB2015,February 2015,2015,2,February,Coal,369.406,8,3986.949
59660,Bulgaria,FEB2015,February 2015,2015,2,February,Coal,1604.796,8,19325.944
59769,Cyprus,FEB2015,February 2015,2015,2,February,Oil,290.68,9,3916.693
59950,Greece,FEB2015,February 2015,2015,2,February,Fossil fuels,2198.103,27,33243.294
59996,IEA Total,FEB2015,February 2015,2015,2,February,Renewables,201248.220282,22,2438357.519311
60080,Italy,FEB2015,February 2015,2015,2,February,Total exports,299.134,16,4471.002
60084,Italy,FEB2015,February 2015,2015,2,February,Final consumption,23901.766,20,297180.421
60097,Japan,FEB2015,February 2015,2015,2,February,Coal,29740.373,8,341507.925
60104,Japan,FEB2015,February 2015,2015,2,February,Electricity supplied,89378.007,17,1031009.024
60122,Korea,FEB2015,February 2015,2015,2,February,Natural gas,9843.252,10,117616.01
60128,Korea,FEB2015,February 2015,2015,2,February,Used for pumped storage,408.683,18,4823.454
60131,Korea,FEB2015,February 2015,2015,2,February,Renewables,1109.268,22,14044.562
60177,Lithuania,FEB2015,February 2015,2015,2,February,Others,41.861,24,563.254
60262,Netherlands,FEB2015,February 2015,2015,2,February,Electricity trade,-260.84,21,-8748.131
60307,North Macedonia,FEB2015,February 2015,2015,2,February,Electricity trade,-205.582,21,-2513.001
60321,Norway,FEB2015,February 2015,2015,2,February,Other combustible non-renewables,17.61,12,218.0
60357,OECD Americas,FEB2015,February 2015,2015,2,February,Renewables,96577.47,22,1121504.732
60385,OECD Asia Oceania,FEB2015,February 2015,2015,2,February,Non-renewables,138904.775901,23,1609261.158386
60386,OECD Asia Oceania,FEB2015,February 2015,2015,2,February,Others,15895.261586,24,153251.534159
60437,OECD Total,FEB2015,February 2015,2015,2,February,Electricity trade,-1998.795,21,-16389.136
60449,Poland,FEB2015,February 2015,2015,2,February,Coal,9974.953,8,120596.056
60459,Poland,FEB2015,February 2015,2015,2,February,Used for pumped storage,86.912,18,900.0
60503,Republic of Turkiye,FEB2015,February 2015,2015,2,February,Combustible renewables,88.882,11,1171.612
60536,Romania,FEB2015,February 2015,2015,2,February,Used for pumped storage,39.403,18,485.999
60641,Spain,FEB2015,February 2015,2015,2,February,Fossil fuels,7167.709,27,117219.547
60658,Sweden,FEB2015,February 2015,2015,2,February,Final consumption,11982.76,20,129275.0
60773,Australia,MAR2015,March 2015,2015,3,March,Total combustible fuels,17952.243864,7,209285.376641
60782,Australia,MAR2015,March 2015,2015,3,March,Final consumption,19454.101581,20,231493.368102
60830,Belgium,MAR2015,March 2015,2015,3,March,Distribution losses,343.245,19,3815.599
60845,Brazil,MAR2015,March 2015,2015,3,March,Total combustible fuels,13559.785,7,173553.155
60904,Canada,MAR2015,March 2015,2015,3,March,Electricity trade,5201.119,21,59561.0
60933,Colombia,MAR2015,March 2015,2015,3,March,Total combustible fuels,2162.577,7,28107.51
61029,Denmark,MAR2015,March 2015,2015,3,March,Final consumption,2853.152,20,32067.298
61102,France,MAR2015,March 2015,2015,3,March,Electricity trade,4319.96,21,64062.999
61115,Germany,MAR2015,March 2015,2015,3,March,Coal,24267.514,8,262351.439
61151,Greece,MAR2015,March 2015,2015,3,March,Electricity trade,-1199.376,21,-9607.997
61201,IEA Total,MAR2015,March 2015,2015,3,March,Final consumption,819515.777581,20,9590621.589102
61237,India,MAR2015,March 2015,2015,3,March,Net electricity production,81761.293047,14,1203381.569426
61259,Ireland,MAR2015,March 2015,2015,3,March,Other combustible non-renewables,6.298,12,71.355
61273,Ireland,MAR2015,March 2015,2015,3,March,Fossil fuels,1644.846,27,19501.823
61307,Japan,MAR2015,March 2015,2015,3,March,Combustible renewables,1498.99,11,20184.449
61336,Korea,MAR2015,March 2015,2015,3,March,Distribution losses,1557.314,19,17979.21
61427,Mexico,MAR2015,March 2015,2015,3,March,Hydro,2827.186,1,30614.001
61434,Mexico,MAR2015,March 2015,2015,3,March,Oil,2324.328,9,30115.981
61457,Netherlands,MAR2015,March 2015,2015,3,March,Total combustible fuels,8247.004,7,93144.269
61471,Netherlands,MAR2015,March 2015,2015,3,March,Renewables,1190.909,22,13469.305
61516,North Macedonia,MAR2015,March 2015,2015,3,March,Renewables,234.725,22,2008.08
61572,OECD Asia Oceania,MAR2015,March 2015,2015,3,March,Wind,1985.82771,2,22286.239786
61582,OECD Asia Oceania,MAR2015,March 2015,2015,3,March,Other combustible non-renewables,1220.006,12,12339.366
61608,OECD Europe,MAR2015,March 2015,2015,3,March,Combustible renewables,15410.617,11,170823.482
61657,Poland,MAR2015,March 2015,2015,3,March,Coal,10355.351,8,120596.056
61674,Poland,MAR2015,March 2015,2015,3,March,Other renewables aggregated,757.208,25,9011.916
61885,Switzerland,MAR2015,March 2015,2015,3,March,Total imports,3131.718,15,34033.0
61894,Switzerland,MAR2015,March 2015,2015,3,March,Others,96.62,24,1168.642
61896,Switzerland,MAR2015,March 2015,2015,3,March,Low carbon,5041.236,26,64350.9
61932,United States,MAR2015,March 2015,2015,3,March,Oil,2307.483,9,36651.009
62018,Austria,APR2015,April 2015,2015,4,April,Other renewables aggregated,352.713,25,4409.908
62059,Brazil,APR2015,April 2015,2015,4,April,Net electricity production,45764.713,14,564061.957
62065,Brazil,APR2015,April 2015,2015,4,April,Others,2199.556,24,26959.792
62080,Bulgaria,APR2015,April 2015,2015,4,April,Total imports,314.074,15,4251.0
62081,Bulgaria,APR2015,April 2015,2015,4,April,Total exports,1221.629,16,14825.999
62098,Canada,APR2015,April 2015,2015,4,April,Total combustible fuels,10291.141,7,134251.0
62115,Canada,APR2015,April 2015,2015,4,April,Others,584.1,24,7607.651
62174,Croatia,APR2015,April 2015,2015,4,April,Electricity trade,-234.717,21,-6789.001
62207,Czech Republic,APR2015,April 2015,2015,4,April,Other combustible non-renewables,5.005,12,69.753
62238,Denmark,APR2015,April 2015,2015,4,April,Electricity trade,-332.575,21,-5911.561
62375,Hungary,APR2015,April 2015,2015,4,April,Other combustible non-renewables,9.576,12,127.369
62597,Luxembourg,APR2015,April 2015,2015,4,April,Wind,6.15,2,101.85
62683,Netherlands,APR2015,April 2015,2015,4,April,Low carbon,1299.657,26,17476.307
62690,New Zealand,APR2015,April 2015,2015,4,April,Coal,171.021,8,1753.016
62755,OECD Americas,APR2015,April 2015,2015,4,April,Solar,3741.44,3,39383.947
62763,OECD Americas,APR2015,April 2015,2015,4,April,Combustible renewables,6508.365,11,82518.302
62765,OECD Americas,APR2015,April 2015,2015,4,April,Not specified,408.089,13,5218.995
62790,OECD Asia Oceania,APR2015,April 2015,2015,4,April,Combustible renewables,2354.406046,11,26602.438256
62860,OECD Total,APR2015,April 2015,2015,4,April,Fossil fuels,432882.315657,27,6063176.751386
62885,Poland,APR2015,April 2015,2015,4,April,Fossil fuels,9794.371,27,128489.084
62894,Portugal,APR2015,April 2015,2015,4,April,Combustible renewables,210.447,11,2973.24
62974,Serbia,APR2015,April 2015,2015,4,April,Electricity supplied,2842.382,17,34720.998
63066,Sweden,APR2015,April 2015,2015,4,April,Combustible renewables,908.257,11,10387.226
63068,Sweden,APR2015,April 2015,2015,4,April,Net electricity production,13197.029,14,159044.999
63134,United States,APR2015,April 2015,2015,4,April,Wind,17867.192,2,190719.0
63144,United States,APR2015,April 2015,2015,4,April,Not specified,396.506,13,5079.999
63325,Canada,MAY2015,May 2015,2015,5,May,Other renewables aggregated,606.839,25,8560.47
63376,Croatia,MAY2015,May 2015,2015,5,May,Net electricity production,902.063,14,10983.0
63383,Croatia,MAY2015,May 2015,2015,5,May,Electricity trade,-531.005,21,-6789.001
63406,Cyprus,MAY2015,May 2015,2015,5,May,Fossil fuels,282.689,27,3916.693
63440,Denmark,MAY2015,May 2015,2015,5,May,Other combustible non-renewables,62.197,12,697.637
63451,Denmark,MAY2015,May 2015,2015,5,May,Other renewables aggregated,315.35,25,3881.133
63536,Germany,MAY2015,May 2015,2015,5,May,Other combustible non-renewables,558.586,12,6524.801
63557,Greece,MAY2015,May 2015,2015,5,May,Oil,397.094,9,5091.874
63564,Greece,MAY2015,May 2015,2015,5,May,Electricity supplied,4224.845,17,57413.998
63567,Greece,MAY2015,May 2015,2015,5,May,Final consumption,3899.696,20,52445.001
63650,India,MAY2015,May 2015,2015,5,May,Natural gas,4575.417397,10,54257.662075
63737,Japan,MAY2015,May 2015,2015,5,May,Fossil fuels,61570.77,27,876841.384
63750,Korea,MAY2015,May 2015,2015,5,May,Net electricity production,41145.413,14,528964.001
63766,Latvia,MAY2015,May 2015,2015,5,May,Natural gas,82.31,10,2427.717
63928,North Macedonia,MAY2015,May 2015,2015,5,May,Total exports,8.094,16,143.0
64007,OECD Asia Oceania,MAY2015,May 2015,2015,5,May,Distribution losses,5425.612109,19,71393.214145
64022,OECD Europe,MAY2015,May 2015,2015,5,May,Total combustible fuels,109907.79,7,1611996.05
64127,Republic of Turkiye,MAY2015,May 2015,2015,5,May,Oil,77.876,9,2099.653
64152,Romania,MAY2015,May 2015,2015,5,May,Coal,847.867,8,15731.979
64279,Sweden,MAY2015,May 2015,2015,5,May,Total imports,743.999,15,9294.001
64421,Austria,JUN2015,June 2015,2015,6,June,Natural gas,109.217,10,7271.462
64433,Austria,JUN2015,June 2015,2015,6,June,Renewables,5214.816,22,48405.934
64451,Belgium,JUN2015,June 2015,2015,6,June,Total imports,2081.247,15,23714.002
64478,Brazil,JUN2015,June 2015,2015,6,June,Electricity supplied,45069.134,17,564061.957
64527,Canada,JUN2015,June 2015,2015,6,June,Used for pumped storage,15.415,18,210.001
64547,Chile,JUN2015,June 2015,2015,6,June,Electricity supplied,6065.213,17,72028.999
64580,Croatia,JUN2015,June 2015,2015,6,June,Total combustible fuels,70.699,7,3611.998
64600,Cyprus,JUN2015,June 2015,2015,6,June,Solar,15.368,3,126.659
64615,Cyprus,JUN2015,June 2015,2015,6,June,Fossil fuels,306.663,27,3916.693
64718,France,JUN2015,June 2015,2015,6,June,Combustible renewables,180.371,11,6137.229
64792,Hungary,JUN2015,June 2015,2015,6,June,Combustible renewables,145.965,11,1952.08
64793,Hungary,JUN2015,June 2015,2015,6,June,Other combustible non-renewables,9.524,12,127.369
64897,Ireland,JUN2015,June 2015,2015,6,June,Other renewables aggregated,38.76,25,461.109
65112,New Zealand,JUN2015,June 2015,2015,6,June,Not specified,4.084,13,49.008
65136,North Macedonia,JUN2015,June 2015,2015,6,June,Total imports,166.932,15,2656.001
65152,Norway,JUN2015,June 2015,2015,6,June,Oil,1.911,9,23.0
65210,OECD Asia Oceania,JUN2015,June 2015,2015,6,June,Not specified,1829.457,13,22055.469
65457,Spain,JUN2015,June 2015,2015,6,June,Oil,1496.666,9,16377.927
65461,Spain,JUN2015,June 2015,2015,6,June,Not specified,16.917,13,203.004
65557,United States,JUN2015,June 2015,2015,6,June,Coal,128897.08,8,1388200.016
65575,United States,JUN2015,June 2015,2015,6,June,Low carbon,115392.053,26,1379241.184
65579,Argentina,JUL2015,July 2015,2015,7,July,Solar,1.04,3,14.912
65600,Argentina,JUL2015,July 2015,2015,7,July,Other renewables aggregated,125.307,25,1120.509
65610,Australia,JUL2015,July 2015,2015,7,July,Natural gas,3946.889481,10,47353.981764
65745,Canada,JUL2015,July 2015,2015,7,July,Fossil fuels,10193.734,27,125842.527
65804,Croatia,JUL2015,July 2015,2015,7,July,Others,16.174,24,199.864
65922,France,JUL2015,July 2015,2015,7,July,Nuclear,33272.066,6,416794.816
65940,France,JUL2015,July 2015,2015,7,July,Others,437.14,24,9111.037
66035,IEA Total,JUL2015,July 2015,2015,7,July,Distribution losses,64911.693014,19,669760.338145
66101,Ireland,JUL2015,July 2015,2015,7,July,Final consumption,2037.729,20,25684.348
66106,Ireland,JUL2015,July 2015,2015,7,July,Other renewables aggregated,39.479,25,461.109
66158,Korea,JUL2015,July 2015,2015,7,July,Solar,305.125,3,3879.999
66230,Luxembourg,JUL2015,July 2015,2015,7,July,Other combustible non-renewables,5.19,12,65.052
66239,Luxembourg,JUL2015,July 2015,2015,7,July,Renewables,137.655,22,1848.759
66286,Mexico,JUL2015,July 2015,2015,7,July,Fossil fuels,21693.22,27,240020.011
66345,North Macedonia,JUL2015,July 2015,2015,7,July,Total imports,215.62,15,2656.001
66459,OECD Europe,JUL2015,July 2015,2015,7,July,Low carbon,162394.401,26,2003357.993
66463,OECD Total,JUL2015,July 2015,2015,7,July,Solar,22318.452427,3,186381.112996
66464,OECD Total,JUL2015,July 2015,2015,7,July,Geothermal,3808.734,4,45810.72
66514,Portugal,JUL2015,July 2015,2015,7,July,Wind,784.338,2,11481.635
66560,Republic of Turkiye,JUL2015,July 2015,2015,7,July,Others,72.029,24,2588.421
66564,Romania,JUL2015,July 2015,2015,7,July,Hydro,1136.463,1,16907.999
66581,Romania,JUL2015,July 2015,2015,7,July,Distribution losses,602.987,19,7161.0
66632,Slovak Republic,JUL2015,July 2015,2015,7,July,Non-renewables,1441.876,23,18825.916
66732,Switzerland,JUL2015,July 2015,2015,7,July,Low carbon,6504.639,26,64350.9
66757,United Kingdom,JUL2015,July 2015,2015,7,July,Others,413.731,24,5439.424
66770,United States,JUL2015,July 2015,2015,7,July,Combustible renewables,6022.463,11,66123.188
66792,Argentina,AUG2015,August 2015,2015,8,August,Nuclear,607.935,6,6644.077
66840,Austria,AUG2015,August 2015,2015,8,August,Combustible renewables,371.128,11,4409.848
66868,Belgium,AUG2015,August 2015,2015,8,August,Net electricity production,4600.167,14,67379.3
66876,Belgium,AUG2015,August 2015,2015,8,August,Renewables,1192.739,22,15308.409
66924,Bulgaria,AUG2015,August 2015,2015,8,August,Non-renewables,3144.997,23,35632.604
66955,Chile,AUG2015,August 2015,2015,8,August,Hydro,2288.666,1,23403.001
66962,Chile,AUG2015,August 2015,2015,8,August,Combustible renewables,410.899,11,5282.042
66989,Colombia,AUG2015,August 2015,2015,8,August,Renewables,4686.801,22,49301.099
67054,Czech Republic,AUG2015,August 2015,2015,8,August,Non-renewables,5041.201,23,66787.457
67082,Estonia,AUG2015,August 2015,2015,8,August,Wind,29.896,2,715.0
67088,Estonia,AUG2015,August 2015,2015,8,August,Other combustible non-renewables,8.574,12,110.289
67124,Finland,AUG2015,August 2015,2015,8,August,Low carbon,4029.881,26,52316.397
67151,France,AUG2015,August 2015,2015,8,August,Low carbon,37841.909,26,513151.58
67303,Ireland,AUG2015,August 2015,2015,8,August,Other combustible non-renewables,6.249,12,71.355
67308,Ireland,AUG2015,August 2015,2015,8,August,Used for pumped storage,44.901,18,530.345
67360,Japan,AUG2015,August 2015,2015,8,August,Renewables,13734.66,22,151668.684
67414,Lithuania,AUG2015,August 2015,2015,8,August,Oil,23.702,9,252.292
67453,Luxembourg,AUG2015,August 2015,2015,8,August,Low carbon,150.981,26,1848.759
67457,Malta,AUG2015,August 2015,2015,8,August,Oil,86.876,9,1139.372
67468,Malta,AUG2015,August 2015,2015,8,August,Others,86.876,24,1139.372
67469,Malta,AUG2015,August 2015,2015,8,August,Other renewables aggregated,0.506,25,6.628
67473,Mexico,AUG2015,August 2015,2015,8,August,Wind,794.443,2,8452.944
67559,North Macedonia,AUG2015,August 2015,2015,8,August,Final consumption,486.342,20,6755.001
67562,North Macedonia,AUG2015,August 2015,2015,8,August,Non-renewables,235.138,23,3269.922
67651,OECD Europe,AUG2015,August 2015,2015,8,August,Coal,63604.428,8,802090.766
67664,OECD Europe,AUG2015,August 2015,2015,8,August,Electricity trade,-191.196,21,-10365.137
67688,OECD Total,AUG2015,August 2015,2015,8,August,Used for pumped storage,7430.991351,18,81927.730453
67719,Poland,AUG2015,August 2015,2015,8,August,Others,173.503,24,2100.042
67780,Romania,AUG2015,August 2015,2015,8,August,Coal,1514.617,8,15731.979
67865,Slovenia,AUG2015,August 2015,2015,8,August,Non-renewables,797.585,23,9638.066
67878,Spain,AUG2015,August 2015,2015,8,August,Combustible renewables,335.176,11,5475.458
67946,United Kingdom,AUG2015,August 2015,2015,8,August,Geothermal,0.0,4,0.0
67990,United States,AUG2015,August 2015,2015,8,August,Renewables,45909.288,22,576983.186
68117,Bulgaria,SEP2015,September 2015,2015,9,September,Solar,128.82,3,1383.0
68125,Bulgaria,SEP2015,September 2015,2015,9,September,Net electricity production,3268.283,14,44727.001
68149,Canada,SEP2015,September 2015,2015,9,September,Other combustible non-renewables,6.847,12,86.791
68183,Chile,SEP2015,September 2015,2015,9,September,Fossil fuels,2833.528,27,39993.956
68267,Czech Republic,SEP2015,September 2015,2015,9,September,Low carbon,2440.697,26,35535.545
68352,France,SEP2015,September 2015,2015,9,September,Electricity supplied,34315.851,17,491063.786
68372,Germany,SEP2015,September 2015,2015,9,September,Combustible renewables,3595.359,11,46537.305
68389,Greece,SEP2015,September 2015,2015,9,September,Hydro,393.517,1,5833.999
68499,India,SEP2015,September 2015,2015,9,September,Renewables,19061.411079,22,189413.208691
68502,India,SEP2015,September 2015,2015,9,September,Other renewables aggregated,998.167354,25,14924.767903
68546,Italy,SEP2015,September 2015,2015,9,September,Electricity trade,-3379.779,21,-46377.998
68550,Italy,SEP2015,September 2015,2015,9,September,Other renewables aggregated,2097.86,25,24295.414
68622,Lithuania,SEP2015,September 2015,2015,9,September,Solar,5.966,3,73.315
68652,Luxembourg,SEP2015,September 2015,2015,9,September,Total imports,633.509,15,7518.756
68765,North Macedonia,SEP2015,September 2015,2015,9,September,Total imports,228.537,15,2656.001
68793,Norway,SEP2015,September 2015,2015,9,September,Electricity trade,2047.353,21,14645.0
68880,OECD Europe,SEP2015,September 2015,2015,9,September,Fossil fuels,119535.806,27,1446582.015
69039,Slovak Republic,SEP2015,September 2015,2015,9,September,Natural gas,104.92,10,1397.549
69084,Spain,SEP2015,September 2015,2015,9,September,Nuclear,4874.842,6,54755.001
69091,Spain,SEP2015,September 2015,2015,9,September,Not specified,16.917,13,203.004
69146,Switzerland,SEP2015,September 2015,2015,9,September,Electricity trade,-175.034,21,1034.999
69256,Austria,OCT2015,October 2015,2015,10,October,Coal,523.265,8,4801.643
69274,Austria,OCT2015,October 2015,2015,10,October,Low carbon,3811.263,26,48420.051
69368,Canada,OCT2015,October 2015,2015,10,October,Renewables,32389.098,22,416605.471
69454,Czech Republic,OCT2015,October 2015,2015,10,October,Wind,33.776,2,563.001
69531,Finland,OCT2015,October 2015,2015,10,October,Not specified,19.25,13,231.0
69611,Greece,OCT2015,October 2015,2015,10,October,Used for pumped storage,5.495,18,74.0
69763,Japan,OCT2015,October 2015,2015,10,October,Wind,511.451,2,6114.48
69773,Japan,OCT2015,October 2015,2015,10,October,Not specified,1724.04,13,20790.465
69800,Korea,OCT2015,October 2015,2015,10,October,Distribution losses,1476.422,19,17979.21
69829,Lithuania,OCT2015,October 2015,2015,10,October,Hydro,66.934,1,1009.002
69841,Lithuania,OCT2015,October 2015,2015,10,October,Electricity supplied,1032.907,17,11884.312
69857,Luxembourg,OCT2015,October 2015,2015,10,October,Natural gas,23.304,10,823.751
69936,Netherlands,OCT2015,October 2015,2015,10,October,Non-renewables,9180.144,23,92433.058
69983,North Macedonia,OCT2015,October 2015,2015,10,October,Other renewables aggregated,1.35,25,18.079
70050,OECD Asia Oceania,OCT2015,October 2015,2015,10,October,Total imports,0.0,15,0.0
70105,OECD Total,OCT2015,October 2015,2015,10,October,Total exports,42338.415,16,504348.024
70137,Poland,OCT2015,October 2015,2015,10,October,Non-renewables,11495.262,23,128489.084
70159,Portugal,OCT2015,October 2015,2015,10,October,Final consumption,3847.34,20,46852.182
70234,Serbia,OCT2015,October 2015,2015,10,October,Electricity trade,-1.022,21,918.0
70264,Slovak Republic,OCT2015,October 2015,2015,10,October,Low carbon,1542.95,26,20100.083
70290,Spain,OCT2015,October 2015,2015,10,October,Wind,3952.141,2,48121.999
70304,Spain,OCT2015,October 2015,2015,10,October,Used for pumped storage,275.83,18,4519.999
70315,Sweden,OCT2015,October 2015,2015,10,October,Wind,1233.562,2,16322.001
70316,Sweden,OCT2015,October 2015,2015,10,October,Solar,5.43,3,97.0
70406,United States,OCT2015,October 2015,2015,10,October,Distribution losses,10239.33,19,255322.0
70437,Argentina,NOV2015,November 2015,2015,11,November,Others,1228.492,24,20709.709
70446,Australia,NOV2015,November 2015,2015,11,November,Coal,12367.291302,8,152537.683463
70485,Austria,NOV2015,November 2015,2015,11,November,Fossil fuels,1805.91,27,13551.795
70492,Belgium,NOV2015,November 2015,2015,11,November,Oil,23.786,9,202.611
70627,Croatia,NOV2015,November 2015,2015,11,November,Total combustible fuels,412.589,7,3611.998
70705,Denmark,NOV2015,November 2015,2015,11,November,Non-renewables,904.437,23,9284.628
70720,Estonia,NOV2015,November 2015,2015,11,November,Total exports,464.007,16,6377.0
70813,Greece,NOV2015,November 2015,2015,11,November,Oil,292.331,9,5091.874
70885,Iceland,NOV2015,November 2015,2015,11,November,Total combustible fuels,0.12,7,3.999
71059,Lithuania,NOV2015,November 2015,2015,11,November,Other renewables aggregated,25.454,25,409.17
71232,OECD Americas,NOV2015,November 2015,2015,11,November,Net electricity production,390039.566,14,5193640.941
71339,Poland,NOV2015,November 2015,2015,11,November,Total imports,1378.0,15,14459.0
71366,Portugal,NOV2015,November 2015,2015,11,November,Electricity supplied,4339.765,17,53206.18
71385,Republic of Turkiye,NOV2015,November 2015,2015,11,November,Natural gas,7872.942,10,93670.542
71421,Romania,NOV2015,November 2015,2015,11,November,Final consumption,4197.089,20,46901.999
71422,Romania,NOV2015,November 2015,2015,11,November,Electricity trade,597.883,21,6727.999
71482,Slovenia,NOV2015,November 2015,2015,11,November,Oil,0.48,9,15.067
71488,Slovenia,NOV2015,November 2015,2015,11,November,Total exports,782.914,16,9093.002
71547,Sweden,NOV2015,November 2015,2015,11,November,Low carbon,13259.052,26,156014.226
71558,Switzerland,NOV2015,November 2015,2015,11,November,Other combustible non-renewables,112.288,12,1134.848
71571,Switzerland,NOV2015,November 2015,2015,11,November,Low carbon,4844.153,26,64350.9
71646,Argentina,DEC2015,December 2015,2015,12,December,Non-renewables,9145.589,23,104023.26
71662,Australia,DEC2015,December 2015,2015,12,December,Used for pumped storage,16.201502,18,218.223453
71717,Belgium,DEC2015,December 2015,2015,12,December,Others,151.928,24,1895.923
71743,Brazil,DEC2015,December 2015,2015,12,December,Fossil fuels,9681.514,27,126938.481
71766,Bulgaria,DEC2015,December 2015,2015,12,December,Low carbon,1906.608,26,23645.402
71806,Chile,DEC2015,December 2015,2015,12,December,Final consumption,5860.988,20,68322.001
71837,Croatia,DEC2015,December 2015,2015,12,December,Total combustible fuels,372.491,7,3611.998
71846,Croatia,DEC2015,December 2015,2015,12,December,Used for pumped storage,27.466,18,236.0
72005,Germany,DEC2015,December 2015,2015,12,December,Total imports,2806.372,15,37008.001
72083,IEA Total,DEC2015,December 2015,2015,12,December,Distribution losses,54559.569331,19,669760.338145
72145,Ireland,DEC2015,December 2015,2015,12,December,Total exports,114.865,16,1078.605
72189,Japan,DEC2015,December 2015,2015,12,December,Oil,7593.182,9,100734.157
72191,Japan,DEC2015,December 2015,2015,12,December,Combustible renewables,1362.623,11,20184.449
72200,Japan,DEC2015,December 2015,2015,12,December,Non-renewables,77316.568,23,880082.009
72280,Luxembourg,DEC2015,December 2015,2015,12,December,Net electricity production,209.527,14,2737.556
72288,Luxembourg,DEC2015,December 2015,2015,12,December,Renewables,176.202,22,1848.759
72399,North Macedonia,DEC2015,December 2015,2015,12,December,Electricity trade,-226.963,21,-2513.001
72462,OECD Asia Oceania,DEC2015,December 2015,2015,12,December,Total combustible fuels,126311.739131,7,1452664.835641
72472,OECD Asia Oceania,DEC2015,December 2015,2015,12,December,Electricity supplied,159597.801237,17,1843930.3607
72525,OECD Total,DEC2015,December 2015,2015,12,December,Total exports,44910.754,16,504348.024
72534,OECD Total,DEC2015,December 2015,2015,12,December,Other renewables aggregated,29255.593914,25,326747.394256
72608,Republic of Turkiye,DEC2015,December 2015,2015,12,December,Non-renewables,16799.623,23,168166.386
72681,Slovak Republic,DEC2015,December 2015,2015,12,December,Non-renewables,1766.348,23,18825.916
72682,Slovak Republic,DEC2015,December 2015,2015,12,December,Others,40.962,24,444.231
72700,Slovenia,DEC2015,December 2015,2015,12,December,Distribution losses,76.255,19,864.0
72825,United States,DEC2015,December 2015,2015,12,December,Used for pumped storage,1875.618,18,25202.0
73003,Chile,JAN2016,January 2016,2016,1,January,Wind,173.14,2,2445.999
73023,Colombia,JAN2016,January 2016,2016,1,January,Solar,1.065,3,8.947
73026,Colombia,JAN2016,January 2016,2016,1,January,Oil,520.481,9,3825.121
73039,Colombia,JAN2016,January 2016,2016,1,January,Other renewables aggregated,115.804,25,1372.014
73081,Czech Republic,JAN2016,January 2016,2016,1,January,Solar,51.33,3,2110.451
73135,Estonia,JAN2016,January 2016,2016,1,January,Net electricity production,1076.97,14,10433.679
73196,France,JAN2016,January 2016,2016,1,January,Other renewables aggregated,801.898,25,7678.873
73280,IEA Total,JAN2016,January 2016,2016,1,January,Oil,26326.568139,9,234776.660496
73309,Iceland,JAN2016,January 2016,2016,1,January,Non-renewables,0.117,23,3.0
73325,India,JAN2016,January 2016,2016,1,January,Other combustible non-renewables,67.060059,12,786.772854
73364,Italy,JAN2016,January 2016,2016,1,January,Hydro,2302.875,1,43784.621
73370,Italy,JAN2016,January 2016,2016,1,January,Oil,1059.457,9,11607.646
73389,Japan,JAN2016,January 2016,2016,1,January,Hydro,5769.595,1,87197.129
73422,Korea,JAN2016,January 2016,2016,1,January,Other combustible non-renewables,53.079,12,612.225
73452,Latvia,JAN2016,January 2016,2016,1,January,Other renewables aggregated,62.762,25,715.947
73484,Luxembourg,JAN2016,January 2016,2016,1,January,Other combustible non-renewables,5.502,12,66.771
73562,Netherlands,JAN2016,January 2016,2016,1,January,Fossil fuels,8139.606,27,92654.299
73674,OECD Asia Oceania,JAN2016,January 2016,2016,1,January,Net electricity production,172655.998469,14,1858171.094046
73823,Romania,JAN2016,January 2016,2016,1,January,Oil,75.853,9,610.547
73831,Romania,JAN2016,January 2016,2016,1,January,Electricity supplied,5095.683,17,55238.996
73890,Slovenia,JAN2016,January 2016,2016,1,January,Solar,10.777,3,267.471
74026,United States,JAN2016,January 2016,2016,1,January,Distribution losses,22474.777,19,234807.001
74077,Australia,FEB2016,February 2016,2016,2,February,Other renewables aggregated,582.930041,25,5225.546168
74112,Belgium,FEB2016,February 2016,2016,2,February,Natural gas,1568.262,10,21367.411
74416,Germany,FEB2016,February 2016,2016,2,February,Total exports,7497.407,16,78862.999
74475,IEA Total,FEB2016,February 2016,2016,2,February,Hydro,127027.82,1,1422886.580194
74494,IEA Total,FEB2016,February 2016,2016,2,February,Final consumption,804855.652906,20,9670439.238721
74507,Iceland,FEB2016,February 2016,2016,2,February,Net electricity production,1502.261,14,18171.608
74539,India,FEB2016,February 2016,2016,2,February,Non-renewables,90929.471548,23,1120615.681852
74540,India,FEB2016,February 2016,2016,2,February,Others,1021.727658,24,11511.937623
74547,Ireland,FEB2016,February 2016,2016,2,February,Total combustible fuels,1753.297,7,22575.529
74616,Korea,FEB2016,February 2016,2016,2,February,Wind,140.178,2,1682.136
74620,Korea,FEB2016,February 2016,2016,2,February,Total combustible fuels,29831.278,7,370979.004
74693,Luxembourg,FEB2016,February 2016,2016,2,February,Distribution losses,13.456,19,157.8
74810,North Macedonia,FEB2016,February 2016,2016,2,February,Low carbon,112.716,26,2035.729
74957,Poland,FEB2016,February 2016,2016,2,February,Total exports,1128.0,16,12018.0
75071,Slovak Republic,FEB2016,February 2016,2016,2,February,Coal,260.169,8,2825.433
75092,Slovenia,FEB2016,February 2016,2016,2,February,Wind,0.963,2,5.778
75098,Slovenia,FEB2016,February 2016,2016,2,February,Natural gas,44.891,10,375.361
75114,Slovenia,FEB2016,February 2016,2016,2,February,Fossil fuels,352.035,27,4869.863
75130,Spain,FEB2016,February 2016,2016,2,February,Used for pumped storage,734.87,18,4818.999
75132,Spain,FEB2016,February 2016,2016,2,February,Final consumption,19667.681,20,240471.996
75136,Spain,FEB2016,February 2016,2016,2,February,Others,1285.99,24,16906.607
75212,United States,FEB2016,February 2016,2016,2,February,Hydro,25610.254,1,290254.426
75240,Argentina,MAR2016,March 2016,2016,3,March,Solar,1.257,3,13.917
75259,Argentina,MAR2016,March 2016,2016,3,March,Others,1253.15,24,19428.727
75308,Belgium,MAR2016,March 2016,2016,3,March,Hydro,142.21,1,1452.999
75323,Belgium,MAR2016,March 2016,2016,3,March,Used for pumped storage,124.251,18,1475.001
75345,Brazil,MAR2016,March 2016,2016,3,March,Not specified,0.0,13,0.0
75425,Chile,MAR2016,March 2016,2016,3,March,Low carbon,2495.304,26,33527.852
75429,Colombia,MAR2016,March 2016,2016,3,March,Solar,0.665,3,8.947
75434,Colombia,MAR2016,March 2016,2016,3,March,Combustible renewables,126.056,11,1372.014
75470,Cyprus,MAR2016,March 2016,2016,3,March,Wind,31.374,2,226.701
75591,France,MAR2016,March 2016,2016,3,March,Net electricity production,53124.257,14,540419.76
75620,Germany,MAR2016,March 2016,2016,3,March,Electricity supplied,49474.291,17,563807.003
75630,Germany,MAR2016,March 2016,2016,3,March,Fossil fuels,31266.01,27,344596.532
75657,Hungary,MAR2016,March 2016,2016,3,March,Nuclear,1433.0,6,15162.0
75674,Hungary,MAR2016,March 2016,2016,3,March,Others,22.179,24,319.092
75691,IEA Total,MAR2016,March 2016,2016,3,March,Net electricity production,852003.28058,14,10364332.856046
75713,Iceland,MAR2016,March 2016,2016,3,March,Final consumption,1536.323,20,17682.608
75725,India,MAR2016,March 2016,2016,3,March,Nuclear,3386.431298,6,35760.205132
75729,India,MAR2016,March 2016,2016,3,March,Natural gas,5800.10991,10,66631.656346
75762,Ireland,MAR2016,March 2016,2016,3,March,Final consumption,2343.191,20,26312.659
75871,Lithuania,MAR2016,March 2016,2016,3,March,Total imports,1018.908,15,11106.0
75891,Luxembourg,MAR2016,March 2016,2016,3,March,Net electricity production,200.203,14,2167.385
75938,Mexico,MAR2016,March 2016,2016,3,March,Electricity trade,63.104,21,-263.998
75962,Netherlands,MAR2016,March 2016,2016,3,March,Electricity trade,-500.152,21,-4914.372
75978,New Zealand,MAR2016,March 2016,2016,3,March,Other combustible non-renewables,0.0,12,0.0
76072,OECD Asia Oceania,MAR2016,March 2016,2016,3,March,Total combustible fuels,123869.022721,7,1441754.29735
76180,Portugal,MAR2016,March 2016,2016,3,March,Other combustible non-renewables,19.778,12,307.148
76190,Portugal,MAR2016,March 2016,2016,3,March,Renewables,3478.835,22,33107.475
76214,Republic of Turkiye,MAR2016,March 2016,2016,3,March,Renewables,8863.766,22,88628.648
76226,Romania,MAR2016,March 2016,2016,3,March,Coal,927.844,8,13859.597
76374,Switzerland,MAR2016,March 2016,2016,3,March,Combustible renewables,155.579,11,1656.872
76542,Brazil,APR2016,April 2016,2016,4,April,Total combustible fuels,11536.865,7,139038.848
76643,Colombia,APR2016,April 2016,2016,4,April,Final consumption,5536.278,20,67794.27
76658,Croatia,APR2016,April 2016,2016,4,April,Combustible renewables,30.045,11,390.405
76670,Croatia,APR2016,April 2016,2016,4,April,Other renewables aggregated,30.045,25,390.405
76757,Finland,APR2016,April 2016,2016,4,April,Hydro,1592.241,1,15634.127
76779,Finland,APR2016,April 2016,2016,4,April,Low carbon,4599.901,26,52143.758
76784,France,APR2016,April 2016,2016,4,April,Geothermal,7.328,4,87.936
76958,Ireland,APR2016,April 2016,2016,4,April,Other combustible non-renewables,4.709,12,70.275
76992,Italy,APR2016,April 2016,2016,4,April,Renewables,9332.09,22,107598.961
77082,Lithuania,APR2016,April 2016,2016,4,April,Non-renewables,93.884,23,1435.154
77182,New Zealand,APR2016,April 2016,2016,4,April,Not specified,4.248,13,50.976
77275,OECD Asia Oceania,APR2016,April 2016,2016,4,April,Total combustible fuels,104630.039705,7,1441754.29735
77280,OECD Asia Oceania,APR2016,April 2016,2016,4,April,Other combustible non-renewables,1442.862,12,16071.268
77391,Portugal,APR2016,April 2016,2016,4,April,Final consumption,3674.243,20,47355.711
77441,Romania,APR2016,April 2016,2016,4,April,Final consumption,4122.62,20,47454.002
77443,Romania,APR2016,April 2016,2016,4,April,Renewables,2779.802,22,27046.512
77444,Romania,APR2016,April 2016,2016,4,April,Non-renewables,2181.374,23,33209.488
77452,Serbia,APR2016,April 2016,2016,4,April,Total combustible fuels,1825.89,7,25161.001
77515,Slovenia,APR2016,April 2016,2016,4,April,Non-renewables,795.758,23,10300.862
77519,Slovenia,APR2016,April 2016,2016,4,April,Fossil fuels,294.666,27,4869.863
77536,Spain,APR2016,April 2016,2016,4,April,Distribution losses,2135.739,19,26720.0
77568,Sweden,APR2016,April 2016,2016,4,April,Fossil fuels,305.582,27,3535.097
77682,Australia,MAY2016,May 2016,2016,5,May,Renewables,3811.43528,22,43979.519863
77705,Austria,MAY2016,May 2016,2016,5,May,Final consumption,5100.779,20,64527.289
77715,Belgium,MAY2016,May 2016,2016,5,May,Solar,431.172,3,3072.801
77769,Bulgaria,MAY2016,May 2016,2016,5,May,Combustible renewables,17.848,11,302.194
77840,Colombia,MAY2016,May 2016,2016,5,May,Net electricity production,6233.015,14,74461.27
77913,Czech Republic,MAY2016,May 2016,2016,5,May,Low carbon,3315.329,26,32849.874
77974,Finland,MAY2016,May 2016,2016,5,May,Distribution losses,188.372,19,2586.0
78097,IEA Total,MAY2016,May 2016,2016,5,May,Total imports,36726.888,15,477102.827
78103,IEA Total,MAY2016,May 2016,2016,5,May,Electricity trade,-163.042,21,-18221.754
78106,IEA Total,MAY2016,May 2016,2016,5,May,Others,23681.771294,24,319419.012496
78110,Iceland,MAY2016,May 2016,2016,5,May,Hydro,1112.124,1,13091.609
78116,Iceland,MAY2016,May 2016,2016,5,May,Electricity supplied,1540.797,17,18171.608
78121,Iceland,MAY2016,May 2016,2016,5,May,Others,0.121,24,3.0
78241,Korea,MAY2016,May 2016,2016,5,May,Non-renewables,40072.756,23,520939.402
78312,Malta,MAY2016,May 2016,2016,5,May,Oil,36.719,9,670.867
78361,Netherlands,MAY2016,May 2016,2016,5,May,Net electricity production,7954.058,14,110988.995
78410,North Macedonia,MAY2016,May 2016,2016,5,May,Distribution losses,73.36,19,1006.981
78451,OECD Americas,MAY2016,May 2016,2016,5,May,Coal,94785.893,8,1404296.943
78519,OECD Europe,MAY2016,May 2016,2016,5,May,Renewables,107608.129,22,1210707.796
78646,Romania,MAY2016,May 2016,2016,5,May,Non-renewables,1913.234,23,33209.488
78647,Romania,MAY2016,May 2016,2016,5,May,Others,36.091,24,610.547
78664,Serbia,MAY2016,May 2016,2016,5,May,Used for pumped storage,139.864,18,1028.999
78722,Spain,MAY2016,May 2016,2016,5,May,Hydro,5401.557,1,39180.0
78781,Switzerland,MAY2016,May 2016,2016,5,May,Total imports,1608.0,15,34096.0
78827,United States,MAY2016,May 2016,2016,5,May,Natural gas,107758.506,10,1339575.398
78833,United States,MAY2016,May 2016,2016,5,May,Total exports,488.054,16,6213.999
79129,Denmark,JUN2016,June 2016,2016,6,June,Electricity supplied,2605.077,17,34138.162
79180,Finland,JUN2016,June 2016,2016,6,June,Non-renewables,2185.659,23,36588.477
79188,France,JUN2016,June 2016,2016,6,June,Geothermal,7.328,4,87.936
79201,France,JUN2016,June 2016,2016,6,June,Electricity supplied,33916.967,17,498918.761
79360,Ireland,JUN2016,June 2016,2016,6,June,Natural gas,1246.532,10,14796.685
79394,Italy,JUN2016,June 2016,2016,6,June,Final consumption,24129.242,20,295508.62
79416,Japan,JUN2016,June 2016,2016,6,June,Used for pumped storage,639.869,18,7936.966
79423,Japan,JUN2016,June 2016,2016,6,June,Low carbon,16216.371,26,190436.317
79435,Korea,JUN2016,June 2016,2016,6,June,Other combustible non-renewables,49.582,12,612.225
79449,Latvia,JUN2016,June 2016,2016,6,June,Wind,8.113,2,126.761
79458,Latvia,JUN2016,June 2016,2016,6,June,Electricity supplied,508.682,17,6959.581
79477,Lithuania,JUN2016,June 2016,2016,6,June,Net electricity production,334.764,14,4051.478
79504,Luxembourg,JUN2016,June 2016,2016,6,June,Final consumption,520.624,20,6365.772
79563,Netherlands,JUN2016,June 2016,2016,6,June,Net electricity production,7893.913,14,110988.995
79569,Netherlands,JUN2016,June 2016,2016,6,June,Electricity trade,-1542.044,21,-4914.372
79674,OECD Asia Oceania,JUN2016,June 2016,2016,6,June,Wind,1982.471912,2,23729.018079
79722,OECD Europe,JUN2016,June 2016,2016,6,June,Non-renewables,163726.499,23,2268341.071
79854,Serbia,JUN2016,June 2016,2016,6,June,Wind,1.0,2,26.0
79889,Slovak Republic,JUN2016,June 2016,2016,6,June,Total exports,621.117,16,10598.0
79906,Slovenia,JUN2016,June 2016,2016,6,June,Coal,327.661,8,4477.523
79986,Switzerland,JUN2016,June 2016,2016,6,June,Electricity supplied,4964.633,17,65616.255
80001,United Kingdom,JUN2016,June 2016,2016,6,June,Nuclear,5242.982,6,65149.085
80049,Argentina,JUL2016,July 2016,2016,7,July,Wind,40.589,2,543.942
80238,Colombia,JUL2016,July 2016,2016,7,July,Wind,7.022,2,50.622
80296,Czech Republic,JUL2016,July 2016,2016,7,July,Wind,30.216,2,487.958
80399,France,JUL2016,July 2016,2016,7,July,Other combustible non-renewables,186.926,12,2243.112
80452,Greece,JUL2016,July 2016,2016,7,July,Total exports,120.879,16,1036.999
80465,Hungary,JUL2016,July 2016,2016,7,July,Wind,46.908,2,664.7
80470,Hungary,JUL2016,July 2016,2016,7,July,Oil,4.608,9,56.833
80473,Hungary,JUL2016,July 2016,2016,7,July,Other combustible non-renewables,16.121,12,191.255
80496,IEA Total,JUL2016,July 2016,2016,7,July,Oil,20955.5,9,234776.660496
80569,Ireland,JUL2016,July 2016,2016,7,July,Electricity supplied,2269.546,17,28979.845
80720,Malta,JUL2016,July 2016,2016,7,July,Total imports,145.111,15,1526.688
80774,Netherlands,JUL2016,July 2016,2016,7,July,Non-renewables,7124.547,23,96404.204
80798,New Zealand,JUL2016,July 2016,2016,7,July,Renewables,3339.864,22,36162.393
80800,New Zealand,JUL2016,July 2016,2016,7,July,Others,4.895,24,54.087
80866,OECD Americas,JUL2016,July 2016,2016,7,July,Electricity supplied,510519.173,17,5220969.872
80871,OECD Americas,JUL2016,July 2016,2016,7,July,Renewables,98653.322,22,1203603.539
80911,OECD Europe,JUL2016,July 2016,2016,7,July,Coal,57267.085,8,735770.627
80933,OECD Total,JUL2016,July 2016,2016,7,July,Solar,25808.907,3,220561.173425
80986,Portugal,JUL2016,July 2016,2016,7,July,Total combustible fuels,3208.094,7,28702.0
80994,Portugal,JUL2016,July 2016,2016,7,July,Total imports,505.271,15,4615.999
81071,Serbia,JUL2016,July 2016,2016,7,July,Distribution losses,348.467,19,4807.999
81094,Slovak Republic,JUL2016,July 2016,2016,7,July,Electricity supplied,2123.815,17,27648.002
81105,Slovenia,JUL2016,July 2016,2016,7,July,Hydro,446.662,1,4721.276
81137,Spain,JUL2016,July 2016,2016,7,July,Other combustible non-renewables,79.282,12,700.016
81168,Sweden,JUL2016,July 2016,2016,7,July,Distribution losses,449.626,19,8569.001
81213,United Kingdom,JUL2016,July 2016,2016,7,July,Total exports,62.537,16,2272.865
81248,United States,JUL2016,July 2016,2016,7,July,Other renewables aggregated,7093.255,25,81021.317
81267,Argentina,AUG2016,August 2016,2016,8,August,Final consumption,11541.137,20,141772.343
81280,Australia,AUG2016,August 2016,2016,8,August,Coal,13611.192,8,154201.646306
81313,Austria,AUG2016,August 2016,2016,8,August,Electricity trade,193.923,21,-7159.271
81337,Belgium,AUG2016,August 2016,2016,8,August,Final consumption,6485.869,20,83284.295
81369,Bulgaria,AUG2016,August 2016,2016,8,August,Wind,154.112,2,1424.999
81537,Denmark,AUG2016,August 2016,2016,8,August,Non-renewables,690.699,23,11106.563
81609,France,AUG2016,August 2016,2016,8,August,Renewables,6653.663,22,102600.669
81615,Germany,AUG2016,August 2016,2016,8,August,Hydro,2283.043,1,25664.997
81619,Germany,AUG2016,August 2016,2016,8,August,Nuclear,7000.393,6,80038.0
81751,India,AUG2016,August 2016,2016,8,August,Renewables,29821.260224,22,230497.902364
81814,Japan,AUG2016,August 2016,2016,8,August,Combustible renewables,1467.067,11,17500.442
81838,Korea,AUG2016,August 2016,2016,8,August,Other combustible non-renewables,61.422,12,612.225
81951,Mexico,AUG2016,August 2016,2016,8,August,Others,2904.682,24,31967.479
81952,Mexico,AUG2016,August 2016,2016,8,August,Other renewables aggregated,615.375,25,7195.9
82070,OECD Americas,AUG2016,August 2016,2016,8,August,Electricity trade,-290.5,21,-3296.999
82159,Poland,AUG2016,August 2016,2016,8,August,Wind,736.777,2,12278.599
82192,Portugal,AUG2016,August 2016,2016,8,August,Not specified,0.0,13,0.0
82210,Republic of Turkiye,AUG2016,August 2016,2016,8,August,Geothermal,315.354,4,4010.001
82331,Spain,AUG2016,August 2016,2016,8,August,Solar,1709.068,3,13050.998
82360,Sweden,AUG2016,August 2016,2016,8,August,Oil,12.165,9,384.103
82385,Switzerland,AUG2016,August 2016,2016,8,August,Combustible renewables,115.146,11,1656.872
82415,United Kingdom,AUG2016,August 2016,2016,8,August,Electricity supplied,25576.126,17,341641.723
82419,United Kingdom,AUG2016,August 2016,2016,8,August,Electricity trade,-1821.689,21,-17745.058
82465,Argentina,SEP2016,September 2016,2016,9,September,Electricity supplied,10479.735,17,139990.913
82490,Australia,SEP2016,September 2016,2016,9,September,Renewables,3361.134,22,43979.519863
82599,Canada,SEP2016,September 2016,2016,9,September,Coal,4553.081,8,58042.925
82621,Chile,SEP2016,September 2016,2016,9,September,Solar,270.104,3,2589.998
82661,Croatia,SEP2016,September 2016,2016,9,September,Solar,5.699,3,66.0
82766,Finland,SEP2016,September 2016,2016,9,September,Wind,238.323,2,3068.039
82809,France,SEP2016,September 2016,2016,9,September,Electricity trade,2700.017,21,41500.999
82979,Ireland,SEP2016,September 2016,2016,9,September,Low carbon,660.062,26,7771.718
83064,Latvia,SEP2016,September 2016,2016,9,September,Final consumption,511.608,20,6484.0
83122,Malta,SEP2016,September 2016,2016,9,September,Electricity supplied,211.483,17,2333.171
83254,OECD Americas,SEP2016,September 2016,2016,9,September,Geothermal,1793.11,4,21647.999
83470,Serbia,SEP2016,September 2016,2016,9,September,Electricity supplied,2424.214,17,34705.998
83677,Australia,OCT2016,October 2016,2016,10,October,Hydro,2012.321,1,17985.428191
83695,Australia,OCT2016,October 2016,2016,10,October,Low carbon,4534.785,26,43979.519863
83795,Canada,OCT2016,October 2016,2016,10,October,Wind,2523.446,2,30622.999
83805,Canada,OCT2016,October 2016,2016,10,October,Not specified,7.512,13,177.998
83838,Chile,OCT2016,October 2016,2016,10,October,Fossil fuels,3269.107,27,42926.146
83852,Colombia,OCT2016,October 2016,2016,10,October,Final consumption,5741.754,20,67794.27
83909,Czech Republic,OCT2016,October 2016,2016,10,October,Total imports,1240.596,15,13816.998
83953,Estonia,OCT2016,October 2016,2016,10,October,Net electricity production,1058.501,14,10433.679
84004,France,OCT2016,October 2016,2016,10,October,Total imports,2540.324,15,19903.001
84029,Germany,OCT2016,October 2016,2016,10,October,Net electricity production,52873.265,14,614332.0
84046,Greece,OCT2016,October 2016,2016,10,October,Total combustible fuels,3130.009,7,35586.001
84058,Greece,OCT2016,October 2016,2016,10,October,Final consumption,4134.932,20,55033.811
84087,Hungary,OCT2016,October 2016,2016,10,October,Other renewables aggregated,182.381,25,1868.345
84110,IEA Total,OCT2016,October 2016,2016,10,October,Electricity trade,-1271.179,21,-18221.754
84152,India,OCT2016,October 2016,2016,10,October,Electricity trade,0.0,21,0.0
84196,Italy,OCT2016,October 2016,2016,10,October,Electricity supplied,26325.264,17,316729.623
84277,Lithuania,OCT2016,October 2016,2016,10,October,Oil,10.288,9,197.762
84286,Lithuania,OCT2016,October 2016,2016,10,October,Used for pumped storage,76.0,18,790.0
84365,Netherlands,OCT2016,October 2016,2016,10,October,Combustible renewables,379.654,11,4712.447
84376,Netherlands,OCT2016,October 2016,2016,10,October,Non-renewables,9390.061,23,96404.204
84419,North Macedonia,OCT2016,October 2016,2016,10,October,Final consumption,541.886,20,6308.025
84488,OECD Asia Oceania,OCT2016,October 2016,2016,10,October,Natural gas,44095.466,10,566762.46438
84500,OECD Asia Oceania,OCT2016,October 2016,2016,10,October,Renewables,21283.627,22,255200.467866
84502,OECD Asia Oceania,OCT2016,October 2016,2016,10,October,Others,8919.332,24,143582.843496
84564,Poland,OCT2016,October 2016,2016,10,October,Coal,10452.131,8,120373.13
84572,Poland,OCT2016,October 2016,2016,10,October,Total exports,1043.0,16,12018.0
84590,Portugal,OCT2016,October 2016,2016,10,October,Oil,120.477,9,1247.788
84595,Portugal,OCT2016,October 2016,2016,10,October,Net electricity production,4339.732,14,58861.817
84614,Republic of Turkiye,OCT2016,October 2016,2016,10,October,Coal,7785.458,8,86829.399
84730,Spain,OCT2016,October 2016,2016,10,October,Hydro,1793.927,1,39180.0
84739,Spain,OCT2016,October 2016,2016,10,October,Other combustible non-renewables,76.675,12,700.016
84751,Spain,OCT2016,October 2016,2016,10,October,Others,1518.373,24,16906.607
84754,Spain,OCT2016,October 2016,2016,10,October,Fossil fuels,11302.78,27,102882.783
84882,Australia,NOV2016,November 2016,2016,11,November,Coal,11768.185,8,154201.646306
84916,Austria,NOV2016,November 2016,2016,11,November,Renewables,3725.009,22,51467.09
84923,Belgium,NOV2016,November 2016,2016,11,November,Wind,566.838,2,5340.398
84994,Canada,NOV2016,November 2016,2016,11,November,Hydro,32045.534,1,381687.998
85081,Croatia,NOV2016,November 2016,2016,11,November,Fossil fuels,384.268,27,3850.593
85091,Cyprus,NOV2016,November 2016,2016,11,November,Renewables,29.682,22,422.103
85115,Czech Republic,NOV2016,November 2016,2016,11,November,Electricity trade,784.397,21,10974.002
85120,Czech Republic,NOV2016,November 2016,2016,11,November,Low carbon,2502.407,26,32849.874
85126,Denmark,NOV2016,November 2016,2016,11,November,Coal,916.927,8,8104.971
85139,Denmark,NOV2016,November 2016,2016,11,November,Non-renewables,1354.862,23,11106.563
85206,France,NOV2016,November 2016,2016,11,November,Electricity supplied,46014.014,17,498918.761
85222,Germany,NOV2016,November 2016,2016,11,November,Total combustible fuels,37183.198,7,390146.003
85256,Greece,NOV2016,November 2016,2016,11,November,Used for pumped storage,2.963,18,32.0
85288,Hungary,NOV2016,November 2016,2016,11,November,Low carbon,1314.427,26,18260.357
85414,Japan,NOV2016,November 2016,2016,11,November,Oil,6183.136,9,85733.018
85467,Latvia,NOV2016,November 2016,2016,11,November,Renewables,336.82,22,3365.527
85503,Luxembourg,NOV2016,November 2016,2016,11,November,Net electricity production,188.965,14,2167.385
85507,Luxembourg,NOV2016,November 2016,2016,11,November,Used for pumped storage,170.058,18,1942.514
85539,Mexico,NOV2016,November 2016,2016,11,November,Coal,2150.923,8,32524.478
85653,OECD Americas,NOV2016,November 2016,2016,11,November,Wind,23699.456,2,270046.714
85695,OECD Asia Oceania,NOV2016,November 2016,2016,11,November,Electricity supplied,148979.968,17,1858171.094046
85705,OECD Asia Oceania,NOV2016,November 2016,2016,11,November,Fossil fuels,119268.471,27,1433906.563182
85719,OECD Europe,NOV2016,November 2016,2016,11,November,Net electricity production,305033.713,14,3479048.867
85720,OECD Europe,NOV2016,November 2016,2016,11,November,Total imports,31412.756,15,406038.828
85732,OECD Europe,NOV2016,November 2016,2016,11,November,Fossil fuels,146791.957,27,1477774.962
85795,Portugal,NOV2016,November 2016,2016,11,November,Net electricity production,4817.678,14,58861.817
85809,Republic of Turkiye,NOV2016,November 2016,2016,11,November,Hydro,3686.765,1,66685.883
85822,Republic of Turkiye,NOV2016,November 2016,2016,11,November,Total exports,133.388,16,1451.999
86295,Cyprus,DEC2016,December 2016,2016,12,December,Other renewables aggregated,4.489,25,49.464
86319,Czech Republic,DEC2016,December 2016,2016,12,December,Others,24.859,24,241.366
86330,Denmark,DEC2016,December 2016,2016,12,December,Combustible renewables,523.561,11,4429.725
86362,Estonia,DEC2016,December 2016,2016,12,December,Non-renewables,795.462,23,8988.886
86398,France,DEC2016,December 2016,2016,12,December,Coal,1780.86,8,11552.874
86488,Hungary,DEC2016,December 2016,2016,12,December,Other renewables aggregated,176.019,25,1868.345
86560,Ireland,DEC2016,December 2016,2016,12,December,Hydro,76.981,1,962.86
86631,Korea,DEC2016,December 2016,2016,12,December,Hydro,462.34,1,6377.598
86645,Korea,DEC2016,December 2016,2016,12,December,Used for pumped storage,341.913,18,4716.404
86711,Luxembourg,DEC2016,December 2016,2016,12,December,Electricity trade,-521.495,21,-6298.701
86742,Mexico,DEC2016,December 2016,2016,12,December,Natural gas,13945.864,10,180773.141
86747,Mexico,DEC2016,December 2016,2016,12,December,Total exports,146.267,16,1968.001
86755,Mexico,DEC2016,December 2016,2016,12,December,Other renewables aggregated,614.826,25,7195.9
86824,North Macedonia,DEC2016,December 2016,2016,12,December,Others,11.916,24,91.74
86858,OECD Americas,DEC2016,December 2016,2016,12,December,Nuclear,81065.811,6,911652.998
86859,OECD Americas,DEC2016,December 2016,2016,12,December,Total combustible fuels,261504.58,7,3179672.511
86882,OECD Asia Oceania,DEC2016,December 2016,2016,12,December,Solar,3781.936,3,55083.652425
87017,Republic of Turkiye,DEC2016,December 2016,2016,12,December,Natural gas,6039.18,10,83963.097
87066,Serbia,DEC2016,December 2016,2016,12,December,Natural gas,33.094,10,340.504
87070,Serbia,DEC2016,December 2016,2016,12,December,Total imports,811.16,15,5067.999
87140,Spain,DEC2016,December 2016,2016,12,December,Combustible renewables,420.58,11,5418.214
87144,Spain,DEC2016,December 2016,2016,12,December,Total imports,2150.583,15,21844.999
87209,United Kingdom,DEC2016,December 2016,2016,12,December,Total combustible fuels,19473.982,7,202924.79
87258,Argentina,JAN2017,January 2017,2017,1,January,Geothermal,0.0,4,0.0
87277,Argentina,JAN2017,January 2017,2017,1,January,Other renewables aggregated,84.491,25,1303.542
87371,Brazil,JAN2017,January 2017,2017,1,January,Low carbon,42509.004,26,473493.474
87605,France,JAN2017,January 2017,2017,1,January,Net electricity production,61049.822,14,537849.221
87719,IEA Total,JAN2017,January 2017,2017,1,January,Fossil fuels,545138.217498,27,5852737.795267
87981,Netherlands,JAN2017,January 2017,2017,1,January,Non-renewables,10202.336,23,96156.195
88006,New Zealand,JAN2017,January 2017,2017,1,January,Non-renewables,398.285,23,7799.791
88010,New Zealand,JAN2017,January 2017,2017,1,January,Fossil fuels,398.285,27,7799.791
88037,Norway,JAN2017,January 2017,2017,1,January,Coal,13.365,8,186.001
88223,Republic of Turkiye,JAN2017,January 2017,2017,1,January,Other combustible non-renewables,0.909,12,26.122
88271,Serbia,JAN2017,January 2017,2017,1,January,Combustible renewables,2.719,11,67.831
88292,Slovak Republic,JAN2017,January 2017,2017,1,January,Coal,368.926,8,3083.506
88364,Sweden,JAN2017,January 2017,2017,1,January,Nuclear,6689.999,6,63008.001
88402,Switzerland,JAN2017,January 2017,2017,1,January,Renewables,3404.06,22,40241.822
88404,Switzerland,JAN2017,January 2017,2017,1,January,Others,122.468,24,1222.12
88414,United Kingdom,JAN2017,January 2017,2017,1,January,Coal,4967.812,8,22261.795
88469,Argentina,FEB2017,February 2017,2017,2,February,Other combustible non-renewables,0.0,12,0.0
88476,Argentina,FEB2017,February 2017,2017,2,February,Final consumption,11868.541,20,141927.535
88554,Brazil,FEB2017,February 2017,2017,2,February,Hydro,35407.254,1,366095.556
88598,Bulgaria,FEB2017,February 2017,2017,2,February,Other renewables aggregated,20.49,25,339.029
88605,Canada,FEB2017,February 2017,2017,2,February,Nuclear,7259.867,6,95565.001
88643,Chile,FEB2017,February 2017,2017,2,February,Non-renewables,3390.139,23,42881.195
88663,Colombia,FEB2017,February 2017,2017,2,February,Non-renewables,1469.502,23,15391.195
88788,Finland,FEB2017,February 2017,2017,2,February,Electricity supplied,7672.991,17,85468.186
88928,Iceland,FEB2017,February 2017,2017,2,February,Geothermal,382.132,4,4944.154
89058,Korea,FEB2017,February 2017,2017,2,February,Others,1828.346,24,13751.236
89065,Latvia,FEB2017,February 2017,2017,2,February,Total combustible fuels,353.584,7,2519.809
89198,New Zealand,FEB2017,February 2017,2017,2,February,Oil,0.056,9,5.507
89257,Norway,FEB2017,February 2017,2017,2,February,Renewables,12865.6,22,145508.002
89324,OECD Europe,FEB2017,February 2017,2017,2,February,Coal,65718.134,8,713646.464
89325,OECD Europe,FEB2017,February 2017,2017,2,February,Oil,4301.916,9,52285.968
89462,Romania,FEB2017,February 2017,2017,2,February,Final consumption,4149.955,20,49002.252
89533,Slovenia,FEB2017,February 2017,2017,2,February,Distribution losses,89.09,19,893.29
89551,Spain,FEB2017,February 2017,2017,2,February,Other combustible non-renewables,55.148,12,736.495
89569,Sweden,FEB2017,February 2017,2017,2,February,Solar,9.239,3,229.999
89637,United Kingdom,FEB2017,February 2017,2017,2,February,Low carbon,13718.866,26,164151.17
89663,United States,FEB2017,February 2017,2017,2,February,Low carbon,122000.902,26,1538368.747
89669,Argentina,MAR2017,March 2017,2017,3,March,Nuclear,514.62,6,5770.611
89675,Argentina,MAR2017,March 2017,2017,3,March,Other combustible non-renewables,0.0,12,0.0
89761,Brazil,MAR2017,March 2017,2017,3,March,Wind,2042.327,2,42059.308
89795,Bulgaria,MAR2017,March 2017,2017,3,March,Total exports,986.003,16,9185.792
89812,Canada,MAR2017,March 2017,2017,3,March,Total combustible fuels,11018.151,7,122880.0
89824,Canada,MAR2017,March 2017,2017,3,March,Distribution losses,3308.983,19,35406.999
89853,Chile,MAR2017,March 2017,2017,3,March,Fossil fuels,4115.342,27,42881.195
89914,Czech Republic,MAR2017,March 2017,2017,3,March,Nuclear,2308.128,6,26785.6
89917,Czech Republic,MAR2017,March 2017,2017,3,March,Oil,13.894,9,106.856
89933,Czech Republic,MAR2017,March 2017,2017,3,March,Other renewables aggregated,393.607,25,4446.002
89934,Czech Republic,MAR2017,March 2017,2017,3,March,Low carbon,3305.479,26,37085.139
89967,Estonia,MAR2017,March 2017,2017,3,March,Net electricity production,1022.586,14,11248.49
89973,Estonia,MAR2017,March 2017,2017,3,March,Electricity trade,259.984,21,2734.001
89995,Finland,MAR2017,March 2017,2017,3,March,Distribution losses,253.135,19,2767.998
90072,Greece,MAR2017,March 2017,2017,3,March,Distribution losses,85.723,19,1101.788
90086,Hungary,MAR2017,March 2017,2017,3,March,Coal,489.948,8,4677.947
90104,Hungary,MAR2017,March 2017,2017,3,March,Fossil fuels,908.033,27,12209.478
90138,Iceland,MAR2017,March 2017,2017,3,March,Electricity supplied,1662.144,17,18846.295
90275,Latvia,MAR2017,March 2017,2017,3,March,Combustible renewables,61.08,11,781.824
90389,Netherlands,MAR2017,March 2017,2017,3,March,Electricity supplied,10218.349,17,116931.355
90600,Poland,MAR2017,March 2017,2017,3,March,Low carbon,2093.728,26,23640.582
90612,Portugal,MAR2017,March 2017,2017,3,March,Not specified,0.0,13,0.0
90622,Portugal,MAR2017,March 2017,2017,3,March,Non-renewables,2326.58,23,33784.519
90640,Republic of Turkiye,MAR2017,March 2017,2017,3,March,Total exports,248.478,16,3303.671
90644,Republic of Turkiye,MAR2017,March 2017,2017,3,March,Electricity trade,-56.792,21,575.402
90741,Slovenia,MAR2017,March 2017,2017,3,March,Final consumption,1169.555,20,13622.63
90762,Spain,MAR2017,March 2017,2017,3,March,Total exports,1052.547,16,14592.999
90789,Sweden,MAR2017,March 2017,2017,3,March,Distribution losses,931.608,19,9495.001
90880,Argentina,APR2017,April 2017,2017,4,April,Natural gas,6520.064,10,85796.502
90937,Austria,APR2017,April 2017,2017,4,April,Others,87.625,24,1489.037
90967,Brazil,APR2017,April 2017,2017,4,April,Wind,2560.043,2,42059.308
91008,Bulgaria,APR2017,April 2017,2017,4,April,Non-renewables,2568.927,23,34647.426
91045,Chile,APR2017,April 2017,2017,4,April,Oil,54.323,9,1842.94
91132,Czech Republic,APR2017,April 2017,2017,4,April,Total exports,2883.808,16,28108.936
91142,Czech Republic,APR2017,April 2017,2017,4,April,Low carbon,3472.024,26,37085.139
91372,India,APR2017,April 2017,2017,4,April,Used for pumped storage,0.0,18,0.0
91447,Japan,APR2017,April 2017,2017,4,April,Renewables,16273.714,22,170723.842
91480,Latvia,APR2017,April 2017,2017,4,April,Coal,0.0,8,0.0
91491,Latvia,APR2017,April 2017,2017,4,April,Renewables,605.543,22,5285.859
91539,Luxembourg,APR2017,April 2017,2017,4,April,Low carbon,171.796,26,1918.857
91620,New Zealand,APR2017,April 2017,2017,4,April,Electricity supplied,3314.022,17,43012.211
91654,Norway,APR2017,April 2017,2017,4,April,Geothermal,0.0,4,0.0
91756,OECD Europe,APR2017,April 2017,2017,4,April,Fossil fuels,109374.362,27,1517766.447
91804,Poland,APR2017,April 2017,2017,4,April,Others,183.06,24,2161.993
91820,Portugal,APR2017,April 2017,2017,4,April,Total imports,466.466,15,5505.73
91890,Serbia,APR2017,April 2017,2017,4,April,Natural gas,35.12,10,496.047
91973,Spain,APR2017,April 2017,2017,4,April,Final consumption,18369.315,20,246656.998
92029,United Kingdom,APR2017,April 2017,2017,4,April,Wind,3456.486,2,49641.124
92118,Australia,MAY2017,May 2017,2017,5,May,Renewables,3182.013928,22,39298.654663
92234,Canada,MAY2017,May 2017,2017,5,May,Total imports,1214.87,15,9904.001
92246,Canada,MAY2017,May 2017,2017,5,May,Fossil fuels,8131.697,27,112432.139
92360,Denmark,MAY2017,May 2017,2017,5,May,Net electricity production,2058.118,14,29638.3
92370,Denmark,MAY2017,May 2017,2017,5,May,Other renewables aggregated,371.221,25,5689.548
92418,Finland,MAY2017,May 2017,2017,5,May,Fossil fuels,952.539,27,12795.204
92424,France,MAY2017,May 2017,2017,5,May,Nuclear,30137.017,6,379093.955
92447,Germany,MAY2017,May 2017,2017,5,May,Wind,5680.844,2,103707.002
92449,Germany,MAY2017,May 2017,2017,5,May,Geothermal,11.24,4,157.002
92481,Greece,MAY2017,May 2017,2017,5,May,Not specified,0.0,13,0.0
92612,Italy,MAY2017,May 2017,2017,5,May,Hydro,3898.774,1,37556.719
92702,Latvia,MAY2017,May 2017,2017,5,May,Low carbon,490.497,26,5285.859
92734,Luxembourg,MAY2017,May 2017,2017,5,May,Net electricity production,158.422,14,2204.533
92762,Malta,MAY2017,May 2017,2017,5,May,Other renewables aggregated,0.496,25,9.415
92862,Norway,MAY2017,May 2017,2017,5,May,Oil,3.041,9,28.0
92931,OECD Asia Oceania,MAY2017,May 2017,2017,5,May,Others,6916.504692,24,120288.711535
92981,OECD Total,MAY2017,May 2017,2017,5,May,Final consumption,774987.579737,20,9865339.155346
93050,Republic of Turkiye,MAY2017,May 2017,2017,5,May,Total imports,230.687,15,2728.269
93103,Serbia,MAY2017,May 2017,2017,5,May,Final consumption,2124.623,20,29379.422
93162,Spain,MAY2017,May 2017,2017,5,May,Solar,1464.244,3,13777.999
93166,Spain,MAY2017,May 2017,2017,5,May,Oil,1245.636,9,15040.895
93210,Switzerland,MAY2017,May 2017,2017,5,May,Wind,8.036,2,132.599
93226,Switzerland,MAY2017,May 2017,2017,5,May,Renewables,3601.697,22,40241.822
93249,United Kingdom,MAY2017,May 2017,2017,5,May,Final consumption,24356.414,20,306792.89
93279,United States,MAY2017,May 2017,2017,5,May,Others,3711.915,24,44512.599
93283,Argentina,JUN2017,June 2017,2017,6,June,Hydro,2492.291,1,31365.202
93374,Belgium,JUN2017,June 2017,2017,6,June,Other renewables aggregated,441.826,25,5540.752
93442,Canada,JUN2017,June 2017,2017,6,June,Final consumption,39497.117,20,546388.003
93459,Chile,JUN2017,June 2017,2017,6,June,Net electricity production,6716.932,14,77028.199
93504,Croatia,JUN2017,June 2017,2017,6,June,Distribution losses,141.923,19,1791.822
93653,Germany,JUN2017,June 2017,2017,6,June,Total combustible fuels,26767.847,7,376115.004
93672,Germany,JUN2017,June 2017,2017,6,June,Low carbon,25491.719,26,290306.133
93773,India,JUN2017,June 2017,2017,6,June,Natural gas,5839.299302,10,69106.647327
93806,Ireland,JUN2017,June 2017,2017,6,June,Final consumption,2007.885,20,26839.159
93833,Italy,JUN2017,June 2017,2017,6,June,Renewables,10387.451,22,103493.942
93883,Korea,JUN2017,June 2017,2017,6,June,Low carbon,13997.506,26,165452.866
93914,Lithuania,JUN2017,June 2017,2017,6,June,Not specified,22.155,13,242.998
93991,Netherlands,JUN2017,June 2017,2017,6,June,Hydro,1.066,1,60.759
94006,Netherlands,JUN2017,June 2017,2017,6,June,Final consumption,8911.886,20,111517.075
94017,New Zealand,JUN2017,June 2017,2017,6,June,Geothermal,646.997,4,7577.978
94030,New Zealand,JUN2017,June 2017,2017,6,June,Distribution losses,252.654,19,2944.188
94035,New Zealand,JUN2017,June 2017,2017,6,June,Others,4.685,24,51.983
94078,Norway,JUN2017,June 2017,2017,6,June,Electricity trade,1970.837,21,15165.0
94104,OECD Americas,JUN2017,June 2017,2017,6,June,Final consumption,420136.035,20,4843417.134
94168,OECD Total,JUN2017,June 2017,2017,6,June,Solar,31705.238946,3,267281.438517
94178,OECD Total,JUN2017,June 2017,2017,6,June,Not specified,2146.103,13,32870.215
94235,Portugal,JUN2017,June 2017,2017,6,June,Electricity trade,244.747,21,2683.973
94236,Portugal,JUN2017,June 2017,2017,6,June,Renewables,1643.107,22,23884.456
94245,Republic of Turkiye,JUN2017,June 2017,2017,6,June,Geothermal,369.524,4,5101.485
94272,Romania,JUN2017,June 2017,2017,6,June,Coal,1205.326,8,14653.495
94474,United States,JUN2017,June 2017,2017,6,June,Total imports,6083.107,15,65684.916
94508,Argentina,JUL2017,July 2017,2017,7,July,Others,989.626,24,10945.125
94538,Austria,JUL2017,July 2017,2017,7,July,Oil,59.214,9,813.918
94543,Austria,JUL2017,July 2017,2017,7,July,Net electricity production,5510.341,14,68093.591
94577,Belgium,JUL2017,July 2017,2017,7,July,Non-renewables,5874.19,23,66540.15
94660,Chile,JUL2017,July 2017,2017,7,July,Coal,2614.637,8,28186.959
94819,Finland,JUL2017,July 2017,2017,7,July,Others,77.885,24,955.649
94823,France,JUL2017,July 2017,2017,7,July,Hydro,3979.378,1,54459.637
94852,Germany,JUL2017,July 2017,2017,7,July,Solar,5466.405,3,39401.0
94875,Germany,JUL2017,July 2017,2017,7,July,Fossil fuels,24992.807,27,330369.872
94909,Hungary,JUL2017,July 2017,2017,7,July,Other combustible non-renewables,13.903,12,185.355
94957,Iceland,JUL2017,July 2017,2017,7,July,Electricity supplied,1548.594,17,18846.295
95066,Korea,JUL2017,July 2017,2017,7,July,Solar,554.748,3,7054.24
95099,Latvia,JUL2017,July 2017,2017,7,July,Distribution losses,36.445,19,474.293
95129,Lithuania,JUL2017,July 2017,2017,7,July,Low carbon,231.526,26,3274.146
95186,Mexico,JUL2017,July 2017,2017,7,July,Final consumption,24529.813,20,265365.131
95214,Netherlands,JUL2017,July 2017,2017,7,July,Others,364.819,24,4326.784
95240,New Zealand,JUL2017,July 2017,2017,7,July,Other renewables aggregated,722.319,25,8143.059
95242,New Zealand,JUL2017,July 2017,2017,7,July,Fossil fuels,1050.587,27,7799.791
95413,Poland,JUL2017,July 2017,2017,7,July,Final consumption,11861.98,20,146425.454
95441,Portugal,JUL2017,July 2017,2017,7,July,Non-renewables,3414.672,23,33784.519
95452,Republic of Turkiye,JUL2017,July 2017,2017,7,July,Oil,44.639,9,1135.254
95481,Romania,JUL2017,July 2017,2017,7,July,Not specified,0.0,13,0.0
95515,Serbia,JUL2017,July 2017,2017,7,July,Others,4.115,24,47.448
95572,Spain,JUL2017,July 2017,2017,7,July,Total combustible fuels,12217.116,7,126885.0
95640,United Kingdom,JUL2017,July 2017,2017,7,July,Hydro,536.857,1,8679.492
95642,United Kingdom,JUL2017,July 2017,2017,7,July,Solar,1527.722,3,11457.266
95823,Bulgaria,AUG2017,August 2017,2017,8,August,Distribution losses,230.468,19,3475.941
95897,Croatia,AUG2017,August 2017,2017,8,August,Hydro,432.647,1,5437.8
95899,Croatia,AUG2017,August 2017,2017,8,August,Solar,10.126,3,78.698
95904,Croatia,AUG2017,August 2017,2017,8,August,Net electricity production,894.392,14,11522.899
95989,Estonia,AUG2017,August 2017,2017,8,August,Net electricity production,834.429,14,11248.49
95994,Estonia,AUG2017,August 2017,2017,8,August,Final consumption,543.837,20,7735.489
96100,Greece,AUG2017,August 2017,2017,8,August,Other renewables aggregated,22.876,25,275.261
96127,IEA Total,AUG2017,August 2017,2017,8,August,Hydro,114850.510302,1,1410677.272373
96141,IEA Total,AUG2017,August 2017,2017,8,August,Total imports,36335.137,15,472988.899
96197,Ireland,AUG2017,August 2017,2017,8,August,Wind,444.259,2,7444.038
96211,Ireland,AUG2017,August 2017,2017,8,August,Final consumption,2009.961,20,26839.159
96312,Lithuania,AUG2017,August 2017,2017,8,August,Wind,87.434,2,1356.201
96322,Lithuania,AUG2017,August 2017,2017,8,August,Total exports,285.288,16,3248.999
96412,Netherlands,AUG2017,August 2017,2017,8,August,Distribution losses,398.811,19,5414.28
96452,North Macedonia,AUG2017,August 2017,2017,8,August,Natural gas,82.999,10,762.248
96520,OECD Asia Oceania,AUG2017,August 2017,2017,8,August,Solar,6387.414094,3,69513.744517
96917,Argentina,SEP2017,September 2017,2017,9,September,Fossil fuels,7262.34,27,98852.402
96951,Austria,SEP2017,September 2017,2017,9,September,Total exports,2099.312,16,22816.512
96972,Belgium,SEP2017,September 2017,2017,9,September,Other combustible non-renewables,103.681,12,1326.252
96992,Brazil,SEP2017,September 2017,2017,9,September,Other renewables,0.0,5,0.0
97023,Bulgaria,SEP2017,September 2017,2017,9,September,Total exports,804.74,16,9185.792
97107,Croatia,SEP2017,September 2017,2017,9,September,Combustible renewables,42.612,11,486.623
97185,Estonia,SEP2017,September 2017,2017,9,September,Wind,49.463,2,723.0
97252,France,SEP2017,September 2017,2017,9,September,Non-renewables,32643.56,23,441217.778
97398,India,SEP2017,September 2017,2017,9,September,Fossil fuels,93562.055815,27,1125556.736641
97409,Ireland,SEP2017,September 2017,2017,9,September,Total imports,58.957,15,1116.408
97423,Italy,SEP2017,September 2017,2017,9,September,Wind,1358.672,2,17565.331
97450,Japan,SEP2017,September 2017,2017,9,September,Geothermal,182.387,4,2193.587
97492,Korea,SEP2017,September 2017,2017,9,September,Fossil fuels,29350.311,27,381927.409
97494,Latvia,SEP2017,September 2017,2017,9,September,Wind,10.173,2,148.522
97504,Latvia,SEP2017,September 2017,2017,9,September,Electricity supplied,558.894,17,6959.679
97517,Lithuania,SEP2017,September 2017,2017,9,September,Total combustible fuels,106.718,7,1165.3
97524,Lithuania,SEP2017,September 2017,2017,9,September,Total imports,972.003,15,11926.201
97550,Luxembourg,SEP2017,September 2017,2017,9,September,Distribution losses,12.78,19,155.9
97600,Netherlands,SEP2017,September 2017,2017,9,September,Hydro,2.132,1,60.759
97649,North Macedonia,SEP2017,September 2017,2017,9,September,Hydro,37.148,1,1087.025
97695,OECD Americas,SEP2017,September 2017,2017,9,September,Hydro,60061.424,1,827110.009
97725,OECD Asia Oceania,SEP2017,September 2017,2017,9,September,Other renewables,40.789,5,489.468
97969,Slovenia,SEP2017,September 2017,2017,9,September,Others,1.79,24,20.998
98108,Argentina,OCT2017,October 2017,2017,10,October,Total imports,16.092,15,905.536
98190,Belgium,OCT2017,October 2017,2017,10,October,Fossil fuels,2421.673,27,26411.649
98219,Bulgaria,OCT2017,October 2017,2017,10,October,Coal,1645.912,8,17906.085
98267,Chile,OCT2017,October 2017,2017,10,October,Geothermal,10.833,4,63.8
98311,Croatia,OCT2017,October 2017,2017,10,October,Combustible renewables,45.689,11,486.623
98319,Croatia,OCT2017,October 2017,2017,10,October,Electricity trade,-612.98,21,-6953.703
98338,Cyprus,OCT2017,October 2017,2017,10,October,Other renewables aggregated,4.024,25,49.217
98488,Greece,OCT2017,October 2017,2017,10,October,Wind,439.222,2,5536.988
98627,Italy,OCT2017,October 2017,2017,10,October,Hydro,2227.585,1,37556.719
98629,Italy,OCT2017,October 2017,2017,10,October,Solar,1856.606,3,24016.819
98668,Japan,OCT2017,October 2017,2017,10,October,Final consumption,75515.267,20,979730.226
98680,Korea,OCT2017,October 2017,2017,10,October,Total combustible fuels,28359.633,7,386217.601
98797,Mexico,OCT2017,October 2017,2017,10,October,Final consumption,22324.987,20,265365.131
98941,OECD Asia Oceania,OCT2017,October 2017,2017,10,October,Total imports,0.0,15,0.0
99005,OECD Total,OCT2017,October 2017,2017,10,October,Other renewables aggregated,27453.339822,25,340433.277142
99167,Slovenia,OCT2017,October 2017,2017,10,October,Total exports,849.641,16,9648.193
99216,Sweden,OCT2017,October 2017,2017,10,October,Total exports,2345.239,16,30888.0
99268,United Kingdom,OCT2017,October 2017,2017,10,October,Final consumption,25609.556,20,306792.89
99409,Brazil,NOV2017,November 2017,2017,11,November,Net electricity production,47736.826,14,573079.821
99434,Bulgaria,NOV2017,November 2017,2017,11,November,Distribution losses,309.6,19,3475.941
99507,Colombia,NOV2017,November 2017,2017,11,November,Fossil fuels,1375.675,27,15391.195
99584,Denmark,NOV2017,November 2017,2017,11,November,Final consumption,2938.772,20,32542.4
99611,Estonia,NOV2017,November 2017,2017,11,November,Other renewables aggregated,77.743,25,926.145
99641,France,NOV2017,November 2017,2017,11,November,Geothermal,9.995,4,119.94
99652,France,NOV2017,November 2017,2017,11,November,Total imports,3782.774,15,21119.181
99734,Hungary,NOV2017,November 2017,2017,11,November,Renewables,255.229,22,3274.518
99758,IEA Total,NOV2017,November 2017,2017,11,November,Distribution losses,51486.108742,19,618276.310302
99860,Japan,NOV2017,November 2017,2017,11,November,Geothermal,167.985,4,2193.587
99916,Latvia,NOV2017,November 2017,2017,11,November,Final consumption,571.954,20,6485.386
99953,Luxembourg,NOV2017,November 2017,2017,11,November,Other combustible non-renewables,6.897,12,73.992
99996,Mexico,NOV2017,November 2017,2017,11,November,Net electricity production,23555.892,14,308933.134
100024,Netherlands,NOV2017,November 2017,2017,11,November,Final consumption,10100.531,20,111517.075
100066,North Macedonia,NOV2017,November 2017,2017,11,November,Total imports,197.386,15,2293.571
100072,North Macedonia,NOV2017,November 2017,2017,11,November,Renewables,124.706,22,1268.664
100180,OECD Europe,NOV2017,November 2017,2017,11,November,Other renewables aggregated,17275.367,25,194018.083
100229,Poland,NOV2017,November 2017,2017,11,November,Non-renewables,11209.263,23,131290.48
100235,Portugal,NOV2017,November 2017,2017,11,November,Wind,986.141,2,12112.465
100278,Republic of Turkiye,NOV2017,November 2017,2017,11,November,Non-renewables,19035.419,23,198737.717
100383,Spain,NOV2017,November 2017,2017,11,November,Solar,746.699,3,13777.999
100415,Sweden,NOV2017,November 2017,2017,11,November,Other combustible non-renewables,132.96,12,1622.18
100441,Switzerland,NOV2017,November 2017,2017,11,November,Total exports,2701.0,16,30946.0
100638,Bulgaria,DEC2017,December 2017,2017,12,December,Final consumption,2957.138,20,31441.305
100655,Canada,DEC2017,December 2017,2017,12,December,Other combustible non-renewables,8.573,12,86.759
100715,Croatia,DEC2017,December 2017,2017,12,December,Coal,145.471,8,1265.72
100775,Denmark,DEC2017,December 2017,2017,12,December,Solar,12.125,3,751.486
100833,Finland,DEC2017,December 2017,2017,12,December,Final consumption,7793.743,20,82700.188
100859,France,DEC2017,December 2017,2017,12,December,Distribution losses,4647.51,19,38599.301
100983,Iceland,DEC2017,December 2017,2017,12,December,Low carbon,1663.102,26,18844.21
101042,Italy,DEC2017,December 2017,2017,12,December,Natural gas,12039.878,10,134232.465
101145,Lithuania,DEC2017,December 2017,2017,12,December,Non-renewables,81.693,23,964.952
101155,Luxembourg,DEC2017,December 2017,2017,12,December,Combustible renewables,14.166,11,164.284
101163,Luxembourg,DEC2017,December 2017,2017,12,December,Final consumption,520.874,20,6392.995
101368,OECD Europe,DEC2017,December 2017,2017,12,December,Oil,4169.282,9,52285.968
101386,OECD Europe,DEC2017,December 2017,2017,12,December,Fossil fuels,135751.281,27,1517766.447
101423,Poland,DEC2017,December 2017,2017,12,December,Not specified,5.144,13,61.728
101544,Slovak Republic,DEC2017,December 2017,2017,12,December,Combustible renewables,123.934,11,1477.296
101559,Slovak Republic,DEC2017,December 2017,2017,12,December,Low carbon,1848.743,26,20752.294
101578,Slovenia,DEC2017,December 2017,2017,12,December,Electricity trade,55.101,21,515.661
101814,Belgium,JAN2018,January 2018,2018,1,January,Low carbon,5377.667896,26,45304.995456
101870,Canada,JAN2018,January 2018,2018,1,January,Hydro,39588.783337,1,382130.000001
101909,Chile,JAN2018,January 2018,2018,1,January,Not specified,0.0,13,0.0
101913,Chile,JAN2018,January 2018,2018,1,January,Electricity supplied,7029.093567,17,79882.471001
102041,Denmark,JAN2018,January 2018,2018,1,January,Natural gas,272.82001,10,1931.00992
102078,Estonia,JAN2018,January 2018,2018,1,January,Final consumption,815.178869,20,8291.801998
102192,Greece,JAN2018,January 2018,2018,1,January,Low carbon,1057.594703,26,15435.686897
102208,Hungary,JAN2018,January 2018,2018,1,January,Total imports,1562.720232,15,18613.0
102243,IEA Total,JAN2018,January 2018,2018,1,January,Non-renewables,722641.531524,23,7794263.046984
102261,Iceland,JAN2018,January 2018,2018,1,January,Net electricity production,1673.330725,14,19432.498001
102453,Lithuania,JAN2018,January 2018,2018,1,January,Electricity supplied,1204.331354,17,12946.799999
102462,Lithuania,JAN2018,January 2018,2018,1,January,Low carbon,314.912441,26,2848.335036
102499,Malta,JAN2018,January 2018,2018,1,January,Oil,1.052985,9,17.591146
102529,Mexico,JAN2018,January 2018,2018,1,January,Other combustible non-renewables,9.794901,12,130.389893
102549,Netherlands,JAN2018,January 2018,2018,1,January,Other renewables,0.0,5,0.0
102552,Netherlands,JAN2018,January 2018,2018,1,January,Coal,2858.28526,8,29260.44739
102581,New Zealand,JAN2018,January 2018,2018,1,January,Natural gas,798.495795,10,5358.276671
102684,OECD Asia Oceania,JAN2018,January 2018,2018,1,January,Other renewables,40.446083,5,485.352996
102692,OECD Asia Oceania,JAN2018,January 2018,2018,1,January,Not specified,1748.624584,13,20983.495008
102700,OECD Asia Oceania,JAN2018,January 2018,2018,1,January,Electricity trade,0.0,21,0.0
102742,OECD Total,JAN2018,January 2018,2018,1,January,Oil,24598.179532,9,203348.452296
102781,Poland,JAN2018,January 2018,2018,1,January,Electricity trade,-600.613097,21,-5694.502999
102787,Poland,JAN2018,January 2018,2018,1,January,Fossil fuels,11390.632059,27,134191.948292
102964,Spain,JAN2018,January 2018,2018,1,January,Total imports,2569.453353,15,24017.999999
103003,Sweden,JAN2018,January 2018,2018,1,January,Fossil fuels,522.032086,27,3527.617235
103023,Switzerland,JAN2018,January 2018,2018,1,January,Final consumption,5593.081074,20,57644.446001
103237,Bulgaria,FEB2018,February 2018,2018,2,February,Used for pumped storage,49.816519,18,415.221002
103314,Colombia,FEB2018,February 2018,2018,2,February,Net electricity production,5873.258766,14,77688.150697
103344,Croatia,FEB2018,February 2018,2018,2,February,Electricity supplied,1558.233904,17,18569.200001
103382,Czech Republic,FEB2018,February 2018,2018,2,February,Hydro,307.157692,1,2651.817999
103504,France,FEB2018,February 2018,2018,2,February,Total imports,2228.43012,15,13512.089999
103513,France,FEB2018,February 2018,2018,2,February,Others,814.366705,24,8247.787285
103538,Germany,FEB2018,February 2018,2018,2,February,Renewables,15846.398532,22,224773.155651
103542,Germany,FEB2018,February 2018,2018,2,February,Low carbon,22020.286281,26,298132.155656
103549,Greece,FEB2018,February 2018,2018,2,February,Nuclear,0.0,6,0.0
103627,Iceland,FEB2018,February 2018,2018,2,February,Solar,0.0,3,0.0
103682,Ireland,FEB2018,February 2018,2018,2,February,Geothermal,0.0,4,0.0
103709,Italy,FEB2018,February 2018,2018,2,February,Geothermal,448.845258,4,5757.323
103802,Latvia,FEB2018,February 2018,2018,2,February,Total exports,391.07345,16,4264.801001
103851,Luxembourg,FEB2018,February 2018,2018,2,February,Combustible renewables,16.020954,11,208.819625
103910,Mexico,FEB2018,February 2018,2018,2,February,Total exports,143.133114,16,2425.999999
103916,Mexico,FEB2018,February 2018,2018,2,February,Renewables,3664.315373,22,53709.708965
103935,Netherlands,FEB2018,February 2018,2018,2,February,Net electricity production,10470.834466,14,110692.105
103947,Netherlands,FEB2018,February 2018,2018,2,February,Low carbon,1994.316738,26,22723.42707
103949,New Zealand,FEB2018,February 2018,2018,2,February,Hydro,1836.758147,1,26029.744958
103960,New Zealand,FEB2018,February 2018,2018,2,February,Other combustible non-renewables,0.0,12,0.0
104051,OECD Americas,FEB2018,February 2018,2018,2,February,Renewables,111913.923647,22,1329967.994947
104075,OECD Asia Oceania,FEB2018,February 2018,2018,2,February,Distribution losses,6621.986105,19,81127.093174
104090,OECD Europe,FEB2018,February 2018,2018,2,February,Total combustible fuels,148288.416874,7,1605698.487286
104113,OECD Total,FEB2018,February 2018,2018,2,February,Solar,17313.604349,3,308242.123048
104119,OECD Total,FEB2018,February 2018,2018,2,February,Oil,16573.343468,9,203348.452296
104218,Republic of Turkiye,FEB2018,February 2018,2018,2,February,Fossil fuels,16359.542376,27,194885.538538
104245,Romania,FEB2018,February 2018,2018,2,February,Fossil fuels,2447.213387,27,23394.189169
104287,Slovak Republic,FEB2018,February 2018,2018,2,February,Total imports,756.060835,15,12428.0
104356,Sweden,FEB2018,February 2018,2018,2,February,Solar,16.348744,3,407.0
104376,Sweden,FEB2018,February 2018,2018,2,February,Non-renewables,6340.228703,23,69328.617235
104382,Switzerland,FEB2018,February 2018,2018,2,February,Wind,10.15,2,121.8
104414,United Kingdom,FEB2018,February 2018,2018,2,February,Total combustible fuels,16853.875037,7,180979.429046
104505,Australia,MAR2018,March 2018,2018,3,March,Electricity supplied,20730.525582,17,247769.798338
104527,Austria,MAR2018,March 2018,2018,3,March,Other combustible non-renewables,56.54463,12,682.67577
104594,Brazil,MAR2018,March 2018,2018,3,March,Other renewables aggregated,1714.399061,25,51034.996178
104681,Colombia,MAR2018,March 2018,2018,3,March,Geothermal,0.0,4,0.0
104743,Cyprus,MAR2018,March 2018,2018,3,March,Other combustible non-renewables,0.0,12,0.0
104802,Denmark,MAR2018,March 2018,2018,3,March,Electricity supplied,3261.661039,17,34538.641997
104858,Finland,MAR2018,March 2018,2018,3,March,Distribution losses,302.712074,19,3023.999999
104869,France,MAR2018,March 2018,2018,3,March,Solar,841.099757,3,10891.159
104925,Greece,MAR2018,March 2018,2018,3,March,Other renewables,0.0,5,0.0
104927,Greece,MAR2018,March 2018,2018,3,March,Total combustible fuels,1998.325853,7,34941.296001
104984,IEA Total,MAR2018,March 2018,2018,3,March,Natural gas,230485.586028,10,2951078.26964
104996,IEA Total,MAR2018,March 2018,2018,3,March,Renewables,260017.926708,22,2811218.612365
105024,Iceland,MAR2018,March 2018,2018,3,March,Non-renewables,0.313892,23,1.874998
105057,Ireland,MAR2018,March 2018,2018,3,March,Wind,751.587949,2,8639.767
105127,Japan,MAR2018,March 2018,2018,3,March,Used for pumped storage,812.882815,18,11139.451537
105201,Lithuania,MAR2018,March 2018,2018,3,March,Combustible renewables,41.200783,11,463.235036
105204,Lithuania,MAR2018,March 2018,2018,3,March,Net electricity production,310.664984,14,3314.300001
105300,Netherlands,MAR2018,March 2018,2018,3,March,Wind,923.941514,2,10548.511001
105385,Norway,MAR2018,March 2018,2018,3,March,Nuclear,0.0,6,0.0
105413,OECD Americas,MAR2018,March 2018,2018,3,March,Total combustible fuels,231225.649406,7,3191432.827
105435,OECD Asia Oceania,MAR2018,March 2018,2018,3,March,Wind,2603.521638,2,29694.94593
105451,OECD Asia Oceania,MAR2018,March 2018,2018,3,March,Used for pumped storage,1230.961101,18,16655.413212
105562,Portugal,MAR2018,March 2018,2018,3,March,Electricity trade,875.814988,21,2656.968002
105584,Republic of Turkiye,MAR2018,March 2018,2018,3,March,Total exports,218.763717,16,3111.877
105603,Romania,MAR2018,March 2018,2018,3,March,Coal,1341.599523,8,13713.33915
105636,Serbia,MAR2018,March 2018,2018,3,March,Net electricity production,3450.5103,14,34783.407002
105657,Slovak Republic,MAR2018,March 2018,2018,3,March,Coal,292.096025,8,3133.029964
105698,Slovenia,MAR2018,March 2018,2018,3,March,Renewables,455.942518,22,5332.113607
105723,Spain,MAR2018,March 2018,2018,3,March,Final consumption,21303.448144,20,246134.0
105724,Spain,MAR2018,March 2018,2018,3,March,Electricity trade,273.523773,21,-11101.999999
105753,Sweden,MAR2018,March 2018,2018,3,March,Non-renewables,6910.399535,23,69328.617235
105807,United Kingdom,MAR2018,March 2018,2018,3,March,Non-renewables,20904.427199,23,206766.188452
105814,United States,MAR2018,March 2018,2018,3,March,Solar,6496.869776,3,84223.712001
105833,United States,MAR2018,March 2018,2018,3,March,Renewables,67840.366557,22,750808.075112
105895,Austria,APR2018,April 2018,2018,4,April,Solar,163.668992,3,1386.547
105969,Brazil,APR2018,April 2018,2018,4,April,Non-renewables,6532.341233,23,99241.944312
105995,Bulgaria,APR2018,April 2018,2018,4,April,Renewables,926.139435,22,9374.168267
106015,Canada,APR2018,April 2018,2018,4,April,Total imports,1468.80275,15,13195.0
106036,Chile,APR2018,April 2018,2018,4,April,Oil,38.022151,9,1238.763707
106115,Cyprus,APR2018,April 2018,2018,4,April,Total combustible fuels,286.278303,7,4406.747999
106174,Denmark,APR2018,April 2018,2018,4,April,Other combustible non-renewables,54.091681,12,656.31865
106184,Denmark,APR2018,April 2018,2018,4,April,Renewables,1810.296565,22,20360.45283
106216,Estonia,APR2018,April 2018,2018,4,April,Fossil fuels,855.306112,27,9104.138693
106232,Finland,APR2018,April 2018,2018,4,April,Total exports,87.033321,16,2612.0
106279,Germany,APR2018,April 2018,2018,4,April,Oil,394.142824,9,4816.074875
106434,Ireland,APR2018,April 2018,2018,4,April,Wind,708.001359,2,8639.767
106497,Japan,APR2018,April 2018,2018,4,April,Combustible renewables,2015.398983,11,24468.267842
106557,Latvia,APR2018,April 2018,2018,4,April,Electricity supplied,570.209411,17,7111.834338
106610,Luxembourg,APR2018,April 2018,2018,4,April,Total exports,144.418208,16,1391.675999
106705,New Zealand,APR2018,April 2018,2018,4,April,Solar,7.711056,3,99.359001
106745,North Macedonia,APR2018,April 2018,2018,4,April,Total exports,23.714564,16,377.422998
106769,Norway,APR2018,April 2018,2018,4,April,Not specified,27.864917,13,334.379004
106781,Norway,APR2018,April 2018,2018,4,April,Other renewables aggregated,15.418292,25,200.321796
106822,OECD Asia Oceania,APR2018,April 2018,2018,4,April,Other combustible non-renewables,1316.180779,12,18726.923694
106951,Republic of Turkiye,APR2018,April 2018,2018,4,April,Nuclear,0.0,6,0.0
106969,Republic of Turkiye,APR2018,April 2018,2018,4,April,Others,102.534856,24,1227.2734
107026,Serbia,APR2018,April 2018,2018,4,April,Fossil fuels,1595.284952,27,23221.034299
107079,Slovenia,APR2018,April 2018,2018,4,April,Low carbon,700.337478,26,10822.021606
107081,Spain,APR2018,April 2018,2018,4,April,Hydro,5070.366039,1,36170.0
107112,Sweden,APR2018,April 2018,2018,4,April,Other renewables,0.0,5,0.0
107186,United Kingdom,APR2018,April 2018,2018,4,April,Other renewables aggregated,2678.954036,25,33320.288592
107193,United States,APR2018,April 2018,2018,4,April,Other renewables,0.0,5,0.0
107230,Argentina,MAY2018,May 2018,2018,5,May,Total imports,0.0,15,0.0
107264,Australia,MAY2018,May 2018,2018,5,May,Renewables,3963.769717,22,50132.733078
107284,Austria,MAY2018,May 2018,2018,5,May,Total imports,1548.867531,15,28076.136
107328,Brazil,MAY2018,May 2018,2018,5,May,Other renewables,0.0,5,0.0
107329,Brazil,MAY2018,May 2018,2018,5,May,Nuclear,1406.94654,6,14794.505006
107436,Colombia,MAY2018,May 2018,2018,5,May,Other renewables,0.0,5,0.0
107457,Colombia,MAY2018,May 2018,2018,5,May,Low carbon,5168.875528,26,59670.123082
107524,Czech Republic,MAY2018,May 2018,2018,5,May,Other combustible non-renewables,6.722335,12,72.274908
107567,Estonia,MAY2018,May 2018,2018,5,May,Hydro,1.813187,1,15.0
107651,Germany,MAY2018,May 2018,2018,5,May,Geothermal,10.960666,4,126.000002
107686,Greece,MAY2018,May 2018,2018,5,May,Other combustible non-renewables,22.270282,12,267.243384
107745,IEA Total,MAY2018,May 2018,2018,5,May,Electricity supplied,842356.924784,17,10622401.229692
107775,Iceland,MAY2018,May 2018,2018,5,May,Final consumption,1586.209287,20,18878.324
107805,India,MAY2018,May 2018,2018,5,May,Non-renewables,110513.538848,23,1245010.553871
107820,Ireland,MAY2018,May 2018,2018,5,May,Combustible renewables,75.352425,11,817.951581
107822,Ireland,MAY2018,May 2018,2018,5,May,Not specified,0.0,13,0.0
107873,Japan,MAY2018,May 2018,2018,5,May,Natural gas,27245.606623,10,406315.555042
107929,Latvia,MAY2018,May 2018,2018,5,May,Other combustible non-renewables,0.0,12,0.0
108039,Mexico,MAY2018,May 2018,2018,5,May,Net electricity production,30839.520568,14,340878.0
108042,Mexico,MAY2018,May 2018,2018,5,May,Electricity supplied,30948.255174,17,342125.0
108079,Netherlands,MAY2018,May 2018,2018,5,May,Fossil fuels,6968.002901,27,88551.61594
108117,North Macedonia,MAY2018,May 2018,2018,5,May,Combustible renewables,3.970581,11,49.552045
108165,OECD Americas,MAY2018,May 2018,2018,5,May,Other renewables,2.016901,5,19.999997
108194,OECD Asia Oceania,MAY2018,May 2018,2018,5,May,Total combustible fuels,104533.88509,7,1453740.025779
108198,OECD Asia Oceania,MAY2018,May 2018,2018,5,May,Combustible renewables,3077.967824,11,35436.415599
108221,OECD Europe,MAY2018,May 2018,2018,5,May,Total combustible fuels,113026.453439,7,1605698.487286
108253,OECD Total,MAY2018,May 2018,2018,5,May,Other combustible non-renewables,4281.949943,12,55764.939088
108405,Slovak Republic,MAY2018,May 2018,2018,5,May,Wind,0.0,2,6.0
108458,Spain,MAY2018,May 2018,2018,5,May,Hydro,3671.571492,1,36170.0
108481,Spain,MAY2018,May 2018,2018,5,May,Others,1187.921592,24,14850.579849
108508,Sweden,MAY2018,May 2018,2018,5,May,Others,128.59819,24,1809.133387
108569,United States,MAY2018,May 2018,2018,5,May,Geothermal,1361.097597,4,15967.134
108603,Argentina,JUN2018,June 2018,2018,6,June,Combustible renewables,146.930012,11,1276.393094
108849,Croatia,JUN2018,June 2018,2018,6,June,Net electricity production,918.419311,14,13181.600001
108955,Estonia,JUN2018,June 2018,2018,6,June,Other combustible non-renewables,5.521676,12,84.973911
109053,Greece,JUN2018,June 2018,2018,6,June,Wind,389.05192,2,6300.259
109061,Greece,JUN2018,June 2018,2018,6,June,Natural gas,1044.667433,10,13150.255714
109076,Greece,JUN2018,June 2018,2018,6,June,Other renewables aggregated,24.714209,25,293.328897
109133,Iceland,JUN2018,June 2018,2018,6,June,Hydro,1088.047959,1,13679.377001
109135,Iceland,JUN2018,June 2018,2018,6,June,Solar,0.0,3,0.0
109221,Italy,JUN2018,June 2018,2018,6,June,Coal,2102.408196,8,29614.236659
109225,Italy,JUN2018,June 2018,2018,6,June,Other combustible non-renewables,166.660247,12,2347.553636
109406,Mexico,JUN2018,June 2018,2018,6,June,Geothermal,406.062712,4,5090.000001
109569,OECD Asia Oceania,JUN2018,June 2018,2018,6,June,Other renewables,40.446083,5,485.352996
109624,OECD Total,JUN2018,June 2018,2018,6,June,Nuclear,151581.341169,6,1872699.327953
109720,Republic of Turkiye,JUN2018,June 2018,2018,6,June,Electricity trade,64.541067,21,634.990001
109753,Romania,JUN2018,June 2018,2018,6,June,Fossil fuels,1597.262899,27,23394.189169
109847,Spain,JUN2018,June 2018,2018,6,June,Not specified,6.583333,13,78.999996
109953,United States,JUN2018,June 2018,2018,6,June,Combustible renewables,5433.253388,11,63833.62912
109990,Argentina,JUL2018,July 2018,2018,7,July,Electricity trade,0.0,21,0.0
110038,Austria,JUL2018,July 2018,2018,7,July,Total imports,2102.711969,15,28076.136
110131,Bulgaria,JUL2018,July 2018,2018,7,July,Fossil fuels,1227.13839,27,18045.918004
110173,Chile,JUL2018,July 2018,2018,7,July,Total imports,0.0,15,0.0
110182,Chile,JUL2018,July 2018,2018,7,July,Others,107.99863,24,1238.763707
110252,Cyprus,JUL2018,July 2018,2018,7,July,Not specified,0.0,13,0.0
110305,Denmark,JUL2018,July 2018,2018,7,July,Other combustible non-renewables,57.239905,12,656.31865
110317,Denmark,JUL2018,July 2018,2018,7,July,Others,72.837811,24,902.127672
110374,Finland,JUL2018,July 2018,2018,7,July,Fossil fuels,714.322701,27,14421.741121
110440,Greece,JUL2018,July 2018,2018,7,July,Other combustible non-renewables,22.270282,12,267.243384
110489,IEA Total,JUL2018,July 2018,2018,7,July,Total combustible fuels,595522.783976,7,6174842.903728
110492,IEA Total,JUL2018,July 2018,2018,7,July,Natural gas,298223.339064,10,2951078.26964
110615,Italy,JUL2018,July 2018,2018,7,July,Other renewables aggregated,2117.341488,25,24079.956684
110690,Latvia,JUL2018,July 2018,2018,7,July,Distribution losses,33.607792,19,448.233061
110740,Luxembourg,JUL2018,July 2018,2018,7,July,Total imports,577.104,15,7553.012
110834,New Zealand,JUL2018,July 2018,2018,7,July,Hydro,2462.273972,1,26029.744958
110936,OECD Americas,JUL2018,July 2018,2018,7,July,Renewables,105281.245787,22,1329967.994947
111051,Portugal,JUL2018,July 2018,2018,7,July,Wind,613.598768,2,12521.811999
111262,Sweden,JUL2018,July 2018,2018,7,July,Others,131.563129,24,1809.133387
111334,United States,JUL2018,July 2018,2018,7,July,Total imports,5733.20959,15,58260.602
111348,Argentina,AUG2018,August 2018,2018,8,August,Wind,135.800299,2,1402.536471
111405,Austria,AUG2018,August 2018,2018,8,August,Other renewables,0.0,5,0.0
111540,Chile,AUG2018,August 2018,2018,8,August,Other renewables,0.0,5,0.0
111550,Chile,AUG2018,August 2018,2018,8,August,Total imports,0.0,15,0.0
111590,Croatia,AUG2018,August 2018,2018,8,August,Hydro,487.697763,1,7697.1
111641,Cyprus,AUG2018,August 2018,2018,8,August,Other renewables aggregated,3.59508,25,54.035454
111644,Czech Republic,AUG2018,August 2018,2018,8,August,Hydro,129.840031,1,2651.817999
111645,Czech Republic,AUG2018,August 2018,2018,8,August,Wind,26.103584,2,600.668999
111682,Denmark,AUG2018,August 2018,2018,8,August,Other combustible non-renewables,51.648011,12,656.31865
111685,Denmark,AUG2018,August 2018,2018,8,August,Total imports,1557.838,15,15633.609
111760,France,AUG2018,August 2018,2018,8,August,Oil,413.501629,9,5394.250933
111840,Hungary,AUG2018,August 2018,2018,8,August,Coal,411.039636,8,4423.519487
111865,IEA Total,AUG2018,August 2018,2018,8,August,Nuclear,157365.134474,6,1867209.419954
111879,IEA Total,AUG2018,August 2018,2018,8,August,Final consumption,892667.585067,20,9926161.557347
111937,India,AUG2018,August 2018,2018,8,August,Others,604.33672,24,7394.227649
112015,Japan,AUG2018,August 2018,2018,8,August,Electricity trade,0.0,21,0.0
112016,Japan,AUG2018,August 2018,2018,8,August,Renewables,16798.230045,22,183435.188683
112030,Korea,AUG2018,August 2018,2018,8,August,Oil,1440.311564,9,12525.070071
112118,Luxembourg,AUG2018,August 2018,2018,8,August,Total exports,89.249128,16,1391.675999
112214,New Zealand,AUG2018,August 2018,2018,8,August,Geothermal,665.118984,4,7524.884002
112218,New Zealand,AUG2018,August 2018,2018,8,August,Coal,58.342772,8,1479.424052
112223,New Zealand,AUG2018,August 2018,2018,8,August,Not specified,4.112,13,49.344
112279,Norway,AUG2018,August 2018,2018,8,August,Total imports,345.527,15,8339.724
112378,OECD Total,AUG2018,August 2018,2018,8,August,Nuclear,157863.350656,6,1872699.327953
112407,Poland,AUG2018,August 2018,2018,8,August,Coal,10313.266476,8,120586.465154
112442,Portugal,AUG2018,August 2018,2018,8,August,Total exports,657.884301,16,8324.536001
112450,Portugal,AUG2018,August 2018,2018,8,August,Others,134.290885,24,1329.000648
112474,Republic of Turkiye,AUG2018,August 2018,2018,8,August,Electricity trade,51.027224,21,634.990001
112488,Romania,AUG2018,August 2018,2018,8,August,Coal,1090.937585,8,13713.33915
112495,Romania,AUG2018,August 2018,2018,8,August,Total imports,227.097926,15,3696.593999
112604,Spain,AUG2018,August 2018,2018,8,August,Total exports,719.305715,16,12916.0
112607,Spain,AUG2018,August 2018,2018,8,August,Distribution losses,2235.926954,19,25595.999999
112610,Spain,AUG2018,August 2018,2018,8,August,Renewables,7367.826675,22,103674.679244
112661,Switzerland,AUG2018,August 2018,2018,8,August,Distribution losses,332.858478,19,4232.339999
112704,United States,AUG2018,August 2018,2018,8,August,Coal,120170.973949,8,1196223.082011
112710,United States,AUG2018,August 2018,2018,8,August,Net electricity production,416862.495278,14,4236927.396989
112815,Belgium,SEP2018,September 2018,2018,9,September,Combustible renewables,394.881266,11,5241.395456
112876,Bulgaria,SEP2018,September 2018,2018,9,September,Used for pumped storage,12.739082,18,415.221002
112891,Canada,SEP2018,September 2018,2018,9,September,Nuclear,7882.005083,6,95030.000001
112899,Canada,SEP2018,September 2018,2018,9,September,Net electricity production,46640.813006,14,635394.0
112931,Chile,SEP2018,September 2018,2018,9,September,Distribution losses,283.691845,19,3511.436001
113094,Estonia,SEP2018,September 2018,2018,9,September,Final consumption,594.995906,20,8291.801998
113099,Estonia,SEP2018,September 2018,2018,9,September,Other renewables aggregated,87.200364,25,1146.861308
113105,Finland,SEP2018,September 2018,2018,9,September,Geothermal,0.0,4,0.0
113210,Hungary,SEP2018,September 2018,2018,9,September,Hydro,13.270478,1,216.0
113263,IEA Total,SEP2018,September 2018,2018,9,September,Fossil fuels,498976.964616,27,5927053.62703
113283,Iceland,SEP2018,September 2018,2018,9,September,Final consumption,1533.758116,20,18878.324
113382,Japan,SEP2018,September 2018,2018,9,September,Combustible renewables,2035.075439,11,24468.267842
113433,Latvia,SEP2018,September 2018,2018,9,September,Coal,0.0,8,6.385302
113443,Latvia,SEP2018,September 2018,2018,9,September,Used for pumped storage,0.0,18,0.0
113457,Lithuania,SEP2018,September 2018,2018,9,September,Other renewables,0.0,5,0.0
113488,Luxembourg,SEP2018,September 2018,2018,9,September,Oil,0.0,9,0.0
113743,OECD Europe,SEP2018,September 2018,2018,9,September,Electricity trade,-1436.815633,21,-19930.414993
113805,Portugal,SEP2018,September 2018,2018,9,September,Wind,433.716393,2,12521.811999
113841,Republic of Turkiye,SEP2018,September 2018,2018,9,September,Combustible renewables,190.891624,11,2494.030461
113968,Spain,SEP2018,September 2018,2018,9,September,Solar,1192.17343,3,12224.0
114014,Sweden,SEP2018,September 2018,2018,9,September,Renewables,6643.132631,22,90348.382762
114036,Switzerland,SEP2018,September 2018,2018,9,September,Electricity supplied,5055.776376,17,65863.785997
114058,United Kingdom,SEP2018,September 2018,2018,9,September,Other combustible non-renewables,319.047851,12,4038.619627
114060,United Kingdom,SEP2018,September 2018,2018,9,September,Net electricity production,24043.514612,14,317545.726926
114067,United Kingdom,SEP2018,September 2018,2018,9,September,Electricity trade,-1260.159801,21,-19107.651004
114132,Australia,OCT2018,October 2018,2018,10,October,Other renewables,0.0,5,0.0
114171,Austria,OCT2018,October 2018,2018,10,October,Electricity supplied,6153.230382,17,74330.515999
114387,Cyprus,OCT2018,October 2018,2018,10,October,Electricity supplied,385.351943,17,4827.281
114396,Cyprus,OCT2018,October 2018,2018,10,October,Low carbon,36.612098,26,474.568456
114506,France,OCT2018,October 2018,2018,10,October,Hydro,3023.440307,1,69608.979
114609,Hungary,OCT2018,October 2018,2018,10,October,Non-renewables,2313.53676,23,26329.050404
114650,Iceland,OCT2018,October 2018,2018,10,October,Natural gas,0.0,10,0.0
114660,Iceland,OCT2018,October 2018,2018,10,October,Final consumption,1621.272663,20,18878.324
114672,India,OCT2018,October 2018,2018,10,October,Other renewables,0.0,5,0.0
114679,India,OCT2018,October 2018,2018,10,October,Other combustible non-renewables,58.710833,12,704.529996
114709,Ireland,OCT2018,October 2018,2018,10,October,Total imports,191.322824,15,1621.519
114726,Italy,OCT2018,October 2018,2018,10,October,Other renewables,0.0,5,0.0
114828,Latvia,OCT2018,October 2018,2018,10,October,Low carbon,153.571083,26,3368.392077
114851,Lithuania,OCT2018,October 2018,2018,10,October,Renewables,291.88583,22,2625.235035
114891,Malta,OCT2018,October 2018,2018,10,October,Coal,0.0,8,0.0
114961,Netherlands,OCT2018,October 2018,2018,10,October,Others,243.79859,24,3766.206991
115019,Norway,OCT2018,October 2018,2018,10,October,Hydro,12444.33006,1,138915.304998
115024,Norway,OCT2018,October 2018,2018,10,October,Nuclear,0.0,6,0.0
115062,OECD Americas,OCT2018,October 2018,2018,10,October,Electricity supplied,420866.882977,17,5368373.031686
115178,Poland,OCT2018,October 2018,2018,10,October,Other renewables aggregated,562.487579,25,5936.421712
115181,Portugal,OCT2018,October 2018,2018,10,October,Hydro,551.135906,1,13525.852
115189,Portugal,OCT2018,October 2018,2018,10,October,Oil,98.053709,9,1079.524649
115271,Serbia,OCT2018,October 2018,2018,10,October,Natural gas,52.005675,10,537.326009
115356,Spain,OCT2018,October 2018,2018,10,October,Net electricity production,22337.528309,14,263826.999999
115367,Spain,OCT2018,October 2018,2018,10,October,Other renewables aggregated,480.803208,25,5626.679244
115448,United Kingdom,OCT2018,October 2018,2018,10,October,Other renewables aggregated,3206.566366,25,33320.288592
115474,United States,OCT2018,October 2018,2018,10,October,Others,3976.537859,24,54267.271323
115579,Belgium,NOV2018,November 2018,2018,11,November,Electricity trade,-1556.568723,21,-17327.500001
115634,Bulgaria,NOV2018,November 2018,2018,11,November,Renewables,644.728417,22,9374.168267
115651,Canada,NOV2018,November 2018,2018,11,November,Other combustible non-renewables,10.813721,12,127.104282
115854,Estonia,NOV2018,November 2018,2018,11,November,Low carbon,161.545272,26,1828.663306
115870,Finland,NOV2018,November 2018,2018,11,November,Total imports,1720.0,15,22548.0
115909,France,NOV2018,November 2018,2018,11,November,Fossil fuels,6052.430712,27,47072.357019
115917,Germany,NOV2018,November 2018,2018,11,November,Coal,20126.41191,8,221927.62766
115920,Germany,NOV2018,November 2018,2018,11,November,Combustible renewables,3932.463577,11,47270.155647
115947,Greece,NOV2018,November 2018,2018,11,November,Combustible renewables,22.555948,11,293.328897
115999,IEA Total,NOV2018,November 2018,2018,11,November,Oil,15167.428969,9,199812.18777
116033,Iceland,NOV2018,November 2018,2018,11,November,Total exports,0.0,16,0.0
116074,Ireland,NOV2018,November 2018,2018,11,November,Solar,0.526261,3,16.656
116177,Korea,NOV2018,November 2018,2018,11,November,Other renewables aggregated,814.23973,25,7704.067442
116221,Lithuania,NOV2018,November 2018,2018,11,November,Total imports,1159.419534,15,12847.499998
116228,Lithuania,NOV2018,November 2018,2018,11,November,Renewables,184.106805,22,2625.235035
116250,Luxembourg,NOV2018,November 2018,2018,11,November,Electricity supplied,713.222368,17,8332.522844
116259,Luxembourg,NOV2018,November 2018,2018,11,November,Low carbon,153.319024,26,1909.704624
116288,Mexico,NOV2018,November 2018,2018,11,November,Hydro,2136.891898,1,32325.999999
116346,New Zealand,NOV2018,November 2018,2018,11,November,Other renewables,0.0,5,0.0
116361,New Zealand,NOV2018,November 2018,2018,11,November,Final consumption,3232.778795,20,40215.565131
116402,Norway,NOV2018,November 2018,2018,11,November,Total combustible fuels,256.789637,7,3109.719
116407,Norway,NOV2018,November 2018,2018,11,November,Other combustible non-renewables,14.171787,12,167.964068
116422,Norway,NOV2018,November 2018,2018,11,November,Fossil fuels,266.432623,27,3292.679805
116443,OECD Americas,NOV2018,November 2018,2018,11,November,Electricity trade,827.125547,21,2396.987001
116464,OECD Asia Oceania,NOV2018,November 2018,2018,11,November,Total imports,0.0,15,0.0
116496,OECD Europe,NOV2018,November 2018,2018,11,November,Final consumption,278391.959767,20,3252787.664429
116536,Poland,NOV2018,November 2018,2018,11,November,Nuclear,0.0,6,0.0
116541,Poland,NOV2018,November 2018,2018,11,November,Combustible renewables,576.040295,11,5936.421712
116565,Portugal,NOV2018,November 2018,2018,11,November,Coal,1025.409281,8,11553.221047
116617,Romania,NOV2018,November 2018,2018,11,November,Nuclear,913.882632,6,10441.658999
116641,Serbia,NOV2018,November 2018,2018,11,November,Solar,0.566777,3,13.04
116651,Serbia,NOV2018,November 2018,2018,11,November,Not specified,0.0,13,0.0
116681,Slovak Republic,NOV2018,November 2018,2018,11,November,Total exports,769.0,16,8746.0
116850,United States,NOV2018,November 2018,2018,11,November,Non-renewables,268875.135049,23,3486119.321881
116910,Austria,DEC2018,December 2018,2018,12,December,Wind,738.874086,2,5746.196001
117050,Chile,DEC2018,December 2018,2018,12,December,Total combustible fuels,3234.133939,7,48064.578
117053,Chile,DEC2018,December 2018,2018,12,December,Natural gas,621.49719,10,12595.97567
117069,Chile,DEC2018,December 2018,2018,12,December,Low carbon,3521.99245,26,37294.544856
117098,Croatia,DEC2018,December 2018,2018,12,December,Hydro,610.906083,1,7697.1
117155,Czech Republic,DEC2018,December 2018,2018,12,December,Geothermal,0.0,4,0.0
117221,Estonia,DEC2018,December 2018,2018,12,December,Total exports,292.017698,16,4950.0
117423,India,DEC2018,December 2018,2018,12,December,Wind,2926.460568,2,63355.095119
117554,Korea,DEC2018,December 2018,2018,12,December,Other renewables aggregated,840.619435,25,7704.067442
117569,Latvia,DEC2018,December 2018,2018,12,December,Not specified,0.0,13,0.0
117612,Luxembourg,DEC2018,December 2018,2018,12,December,Wind,31.424626,2,254.575
117640,Malta,DEC2018,December 2018,2018,12,December,Solar,9.564849,3,188.818
117678,Mexico,DEC2018,December 2018,2018,12,December,Net electricity production,25302.696753,14,340878.0
117685,Mexico,DEC2018,December 2018,2018,12,December,Electricity trade,-32.468952,21,-1247.0
117744,New Zealand,DEC2018,December 2018,2018,12,December,Low carbon,2908.416665,26,36308.989609
117752,North Macedonia,DEC2018,December 2018,2018,12,December,Total combustible fuels,457.082685,7,3388.128998
118063,Slovak Republic,DEC2018,December 2018,2018,12,December,Electricity trade,-281.122395,21,-3682.0
118065,Slovak Republic,DEC2018,December 2018,2018,12,December,Non-renewables,1923.378988,23,19056.471618
118083,Slovenia,DEC2018,December 2018,2018,12,December,Net electricity production,1186.388292,14,15441.970001
118160,Switzerland,DEC2018,December 2018,2018,12,December,Natural gas,56.656276,10,589.964266
118168,Switzerland,DEC2018,December 2018,2018,12,December,Used for pumped storage,320.418191,18,3987.000001
118190,United Kingdom,DEC2018,December 2018,2018,12,December,Not specified,0.0,13,0.0
118237,Argentina,JAN2019,January 2019,2019,1,January,Nuclear,201.483548,6,7969.468523
118271,Australia,JAN2019,January 2019,2019,1,January,Not specified,0.0,13,0.0
118291,Austria,JAN2019,January 2019,2019,1,January,Nuclear,0.0,6,0.0
118353,Brazil,JAN2019,January 2019,2019,1,January,Net electricity production,53181.499675,14,611385.71286
118394,Canada,JAN2019,January 2019,2019,1,January,Hydro,39854.000008,1,375982.0
118436,Chile,JAN2019,January 2019,2019,1,January,Total exports,0.0,16,0.0
118451,Colombia,JAN2019,January 2019,2019,1,January,Geothermal,0.0,4,0.0
118478,Croatia,JAN2019,January 2019,2019,1,January,Geothermal,0.0,4,73.8
118524,Cyprus,JAN2019,January 2019,2019,1,January,Non-renewables,395.022989,23,4401.851265
118563,Denmark,JAN2019,January 2019,2019,1,January,Coal,690.411585,8,3088.386036
118569,Denmark,JAN2019,January 2019,2019,1,January,Net electricity production,3421.069861,14,28689.818001
118664,Germany,JAN2019,January 2019,2019,1,January,Hydro,2180.926328,1,25506.999999
118764,IEA Total,JAN2019,January 2019,2019,1,January,Final consumption,904616.793821,20,9807239.926743
118820,India,JAN2019,January 2019,2019,1,January,Renewables,17224.956426,22,310518.426998
118822,India,JAN2019,January 2019,2019,1,January,Others,505.234182,24,6310.023436
118839,Ireland,JAN2019,January 2019,2019,1,January,Net electricity production,2837.631207,14,30274.292081
118861,Italy,JAN2019,January 2019,2019,1,January,Oil,1017.380842,9,9719.248335
118912,Korea,JAN2019,January 2019,2019,1,January,Nuclear,11653.508228,6,138679.204
119015,Malta,JAN2019,January 2019,2019,1,January,Hydro,0.0,1,0.0
119424,Slovak Republic,JAN2019,January 2019,2019,1,January,Other renewables,0.0,5,0.0
119430,Slovak Republic,JAN2019,January 2019,2019,1,January,Combustible renewables,139.608806,11,1511.417075
119622,Argentina,FEB2019,February 2019,2019,2,February,Net electricity production,10947.088579,14,132462.31304
119645,Australia,FEB2019,February 2019,2019,2,February,Natural gas,4242.976746,10,50938.664822
119694,Belgium,FEB2019,February 2019,2019,2,February,Other renewables,0.0,5,0.0
119724,Brazil,FEB2019,February 2019,2019,2,February,Coal,1314.743635,8,20030.75422
120127,IEA Total,FEB2019,February 2019,2019,2,February,Nuclear,156746.740156,6,1891313.59427
120173,Iceland,FEB2019,February 2019,2019,2,February,Other renewables aggregated,470.494499,25,5781.453001
120189,India,FEB2019,February 2019,2019,2,February,Net electricity production,112998.505634,14,1533937.887914
120193,India,FEB2019,February 2019,2019,2,February,Used for pumped storage,0.0,18,0.0
120255,Italy,FEB2019,February 2019,2019,2,February,Low carbon,8402.278872,26,115929.054464
120270,Japan,FEB2019,February 2019,2019,2,February,Net electricity production,85965.052773,14,1004931.374717
120276,Japan,FEB2019,February 2019,2019,2,February,Final consumption,81964.28606,20,954642.12961
120287,Korea,FEB2019,February 2019,2019,2,February,Geothermal,0.0,4,0.0
120347,Lithuania,FEB2019,February 2019,2019,2,February,Natural gas,52.042712,10,454.56008
120369,Luxembourg,FEB2019,February 2019,2019,2,February,Other renewables,0.0,5,0.0
120414,Malta,FEB2019,February 2019,2019,2,February,Non-renewables,127.104635,23,1799.56227
120420,Mexico,FEB2019,February 2019,2019,2,February,Wind,1085.277044,2,16777.999999
120427,Mexico,FEB2019,February 2019,2019,2,February,Oil,3121.07713,9,43284.144611
120454,Netherlands,FEB2019,February 2019,2019,2,February,Oil,105.642749,9,1364.319706
120520,North Macedonia,FEB2019,February 2019,2019,2,February,Electricity trade,-169.761411,21,-1827.881999
120551,Norway,FEB2019,February 2019,2019,2,February,Other renewables aggregated,19.991982,25,247.177231
120600,OECD Asia Oceania,FEB2019,February 2019,2019,2,February,Final consumption,146948.611154,20,1772367.932544
120630,OECD Europe,FEB2019,February 2019,2019,2,February,Non-renewables,183663.756278,23,2099411.752423
120713,Portugal,FEB2019,February 2019,2019,2,February,Other renewables aggregated,237.268994,25,3459.401295
120760,Romania,FEB2019,February 2019,2019,2,February,Used for pumped storage,40.075894,18,552.632999
120812,Slovak Republic,FEB2019,February 2019,2019,2,February,Total exports,999.084396,16,11838.000001
120833,Slovenia,FEB2019,February 2019,2019,2,February,Natural gas,47.075751,10,479.53779
120870,Spain,FEB2019,February 2019,2019,2,February,Final consumption,19528.465386,20,242843.326002
120902,Sweden,FEB2019,February 2019,2019,2,February,Other renewables aggregated,1257.16432,25,12579.461624
120979,United States,FEB2019,February 2019,2019,2,February,Electricity trade,-235.541891,21,-12637.545535
121052,Austria,MAR2019,March 2019,2019,3,March,Not specified,1.01516,13,12.230999
121156,Canada,MAR2019,March 2019,2019,3,March,Oil,504.837492,9,5215.91197
121272,Cyprus,MAR2019,March 2019,2019,3,March,Electricity supplied,355.333529,17,4913.788
121358,Estonia,MAR2019,March 2019,2019,3,March,Renewables,211.71215,22,1940.04986
121359,Estonia,MAR2019,March 2019,2019,3,March,Non-renewables,483.34543,23,4660.05014
121455,Greece,MAR2019,March 2019,2019,3,March,Combustible renewables,32.517742,11,365.147106
121473,Hungary,MAR2019,March 2019,2019,3,March,Wind,73.813263,2,709.0
121498,Hungary,MAR2019,March 2019,2019,3,March,Fossil fuels,929.890518,27,12266.938363
121592,Ireland,MAR2019,March 2019,2019,3,March,Not specified,0.0,13,0.0
121646,Japan,MAR2019,March 2019,2019,3,March,Not specified,1588.653417,13,19063.841004
121648,Japan,MAR2019,March 2019,2019,3,March,Total imports,0.0,15,0.0
121664,Korea,MAR2019,March 2019,2019,3,March,Geothermal,0.0,4,0.0
121795,Malta,MAR2019,March 2019,2019,3,March,Fossil fuels,123.806455,27,1799.56227
121841,Netherlands,MAR2019,March 2019,2019,3,March,Distribution losses,438.105044,19,5058.608
121875,New Zealand,MAR2019,March 2019,2019,3,March,Low carbon,2753.228608,26,35908.140801
122009,OECD Europe,MAR2019,March 2019,2019,3,March,Other renewables aggregated,18734.070451,25,209341.101951
122040,Poland,MAR2019,March 2019,2019,3,March,Wind,1782.206367,2,14760.746
122126,Romania,MAR2019,March 2019,2019,3,March,Total combustible fuels,1789.476573,7,20509.216552
122209,Slovenia,MAR2019,March 2019,2019,3,March,Oil,0.354577,9,9.463549
122235,Spain,MAR2019,March 2019,2019,3,March,Coal,1024.856129,8,13445.998465
122274,Sweden,MAR2019,March 2019,2019,3,March,Final consumption,12322.398342,20,128610.000002
122287,Switzerland,MAR2019,March 2019,2019,3,March,Nuclear,2375.0,6,25280.0
122307,Switzerland,MAR2019,March 2019,2019,3,March,Low carbon,4974.87489,26,69938.710074
122346,United States,MAR2019,March 2019,2019,3,March,Combustible renewables,5003.992315,11,59766.306448
122443,Austria,APR2019,April 2019,2019,4,April,Fossil fuels,981.764437,27,15537.91516
122452,Belgium,APR2019,April 2019,2019,4,April,Oil,4.147599,9,68.396733
122517,Bulgaria,APR2019,April 2019,2019,4,April,Final consumption,2477.106282,20,31116.960978
122574,Chile,APR2019,April 2019,2019,4,April,Non-renewables,3984.66124,23,43487.346384
122681,Czech Republic,APR2019,April 2019,2019,4,April,Renewables,1032.483298,22,10641.624875
122708,Denmark,APR2019,April 2019,2019,4,April,Renewables,1576.774514,22,22679.318561
122807,Germany,APR2019,April 2019,2019,4,April,Not specified,127.713014,13,1413.000002
122817,Germany,APR2019,April 2019,2019,4,April,Non-renewables,26769.938403,23,336547.241946
123012,Japan,APR2019,April 2019,2019,4,April,Wind,594.686056,2,7577.03393
123086,Latvia,APR2019,April 2019,2019,4,April,Renewables,378.329794,22,3072.744984
123234,New Zealand,APR2019,April 2019,2019,4,April,Coal,150.023514,8,2118.111304
123275,North Macedonia,APR2019,April 2019,2019,4,April,Renewables,120.569921,22,1331.191692
123294,Norway,APR2019,April 2019,2019,4,April,Net electricity production,9994.111925,14,134665.750292
123324,OECD Americas,APR2019,April 2019,2019,4,April,Electricity supplied,387510.140909,17,5280367.665266
123362,OECD Europe,APR2019,April 2019,2019,4,April,Hydro,49552.738563,1,590690.5203
123461,Portugal,APR2019,April 2019,2019,4,April,Distribution losses,379.356212,19,4812.285104
123611,Spain,APR2019,April 2019,2019,4,April,Total combustible fuels,7562.739187,7,112634.999999
123639,Sweden,APR2019,April 2019,2019,4,April,Coal,103.593276,8,1141.569736
123649,Sweden,APR2019,April 2019,2019,4,April,Used for pumped storage,5.41435,18,31.999999
123828,Belgium,MAY2019,May 2019,2019,5,May,Coal,218.226587,8,2426.781689
123878,Bulgaria,MAY2019,May 2019,2019,5,May,Geothermal,0.0,4,0.0
123913,Canada,MAY2019,May 2019,2019,5,May,Other combustible non-renewables,9.077584,12,127.103389
123915,Canada,MAY2019,May 2019,2019,5,May,Net electricity production,46773.330461,14,627228.999999
123930,Chile,MAY2019,May 2019,2019,5,May,Wind,346.33898,2,4889.955963
123997,Croatia,MAY2019,May 2019,2019,5,May,Total imports,840.69277,15,11400.799999
124011,Cyprus,MAY2019,May 2019,2019,5,May,Wind,20.628181,2,238.565002
124031,Cyprus,MAY2019,May 2019,2019,5,May,Renewables,45.38123,22,511.936738
124066,Denmark,MAY2019,May 2019,2019,5,May,Solar,136.491,3,963.269
124094,Estonia,MAY2019,May 2019,2019,5,May,Geothermal,0.0,4,0.0
124099,Estonia,MAY2019,May 2019,2019,5,May,Oil,1.761755,9,23.840662
124109,Estonia,MAY2019,May 2019,2019,5,May,Distribution losses,42.42272,19,555.514954
124125,Finland,MAY2019,May 2019,2019,5,May,Coal,484.991382,8,7527.490491
124198,Germany,MAY2019,May 2019,2019,5,May,Fossil fuels,20610.173727,27,265555.241946
124237,Hungary,MAY2019,May 2019,2019,5,May,Other combustible non-renewables,19.240785,12,227.597318
124262,IEA Total,MAY2019,May 2019,2019,5,May,Natural gas,225706.003442,10,3071901.646757
124270,IEA Total,MAY2019,May 2019,2019,5,May,Used for pumped storage,7253.670446,18,83833.491479
124284,Iceland,MAY2019,May 2019,2019,5,May,Other renewables,0.0,5,0.0
124301,Iceland,MAY2019,May 2019,2019,5,May,Renewables,1663.118855,22,19117.132001
124330,India,MAY2019,May 2019,2019,5,May,Others,582.574641,24,6310.023436
124352,Ireland,MAY2019,May 2019,2019,5,May,Distribution losses,181.424865,19,2273.907999
124415,Korea,MAY2019,May 2019,2019,5,May,Hydro,536.042625,1,6215.500001
124452,Latvia,MAY2019,May 2019,2019,5,May,Combustible renewables,61.941619,11,821.225983
124517,Luxembourg,MAY2019,May 2019,2019,5,May,Renewables,110.685743,22,1617.579315
124544,Malta,MAY2019,May 2019,2019,5,May,Renewables,22.17491,22,201.757092
124613,New Zealand,MAY2019,May 2019,2019,5,May,Natural gas,386.221248,10,5495.028683
124635,North Macedonia,MAY2019,May 2019,2019,5,May,Other renewables,0.0,5,0.0
124648,North Macedonia,MAY2019,May 2019,2019,5,May,Used for pumped storage,0.0,18,0.0
124678,Norway,MAY2019,May 2019,2019,5,May,Electricity trade,-307.088202,21,-44.0
124725,OECD Asia Oceania,MAY2019,May 2019,2019,5,May,Net electricity production,142118.755295,14,1859329.494898
124763,OECD Europe,MAY2019,May 2019,2019,5,May,Other renewables aggregated,16570.539636,25,209341.101951
124910,Serbia,MAY2019,May 2019,2019,5,May,Natural gas,39.166168,10,591.350444
124915,Serbia,MAY2019,May 2019,2019,5,May,Total imports,404.611,15,5416.609
124953,Slovak Republic,MAY2019,May 2019,2019,5,May,Low carbon,1928.129421,26,20777.417078
124960,Slovenia,MAY2019,May 2019,2019,5,May,Nuclear,515.903859,6,5532.981001
124961,Slovenia,MAY2019,May 2019,2019,5,May,Total combustible fuels,336.385295,7,4760.661999
125030,Sweden,MAY2019,May 2019,2019,5,May,Renewables,7794.397414,22,98074.461625
125193,Austria,JUN2019,June 2019,2019,6,June,Non-renewables,618.730196,23,15537.91516
125203,Belgium,JUN2019,June 2019,2019,6,June,Nuclear,2899.653246,6,41305.599999
125235,Brazil,JUN2019,June 2019,2019,6,June,Combustible renewables,5596.475542,11,51625.623438
125454,Denmark,JUN2019,June 2019,2019,6,June,Net electricity production,1481.25995,14,28689.818001
125468,Estonia,JUN2019,June 2019,2019,6,June,Hydro,0.71123,1,18.999999
125482,Estonia,JUN2019,June 2019,2019,6,June,Total imports,580.856608,15,4860.999999
125569,Germany,JUN2019,June 2019,2019,6,June,Electricity trade,-916.913264,21,32665.283845
125570,Germany,JUN2019,June 2019,2019,6,June,Renewables,19551.575834,22,239316.758056
125629,Hungary,JUN2019,June 2019,2019,6,June,Fossil fuels,822.629637,27,12266.938363
125753,Italy,JUN2019,June 2019,2019,6,June,Total exports,408.979459,16,5833.707
125756,Italy,JUN2019,June 2019,2019,6,June,Distribution losses,1549.193965,19,17818.220012
125760,Italy,JUN2019,June 2019,2019,6,June,Non-renewables,12867.223363,23,168590.387525
125782,Japan,JUN2019,June 2019,2019,6,June,Used for pumped storage,746.38697,18,11186.40176
125800,Korea,JUN2019,June 2019,2019,6,June,Oil,524.595108,9,8959.380708
125825,Latvia,JUN2019,June 2019,2019,6,June,Total combustible fuels,304.234305,7,3695.446085
125841,Latvia,JUN2019,June 2019,2019,6,June,Non-renewables,242.292685,23,2874.2201
125891,Luxembourg,JUN2019,June 2019,2019,6,June,Distribution losses,12.117303,19,151.201974
126086,OECD Americas,JUN2019,June 2019,2019,6,June,Other renewables aggregated,8193.285905,25,99443.167303
126094,OECD Asia Oceania,JUN2019,June 2019,2019,6,June,Nuclear,17670.621762,6,202557.992269
126117,OECD Europe,JUN2019,June 2019,2019,6,June,Wind,26612.532002,2,443587.793313
126200,Portugal,JUN2019,June 2019,2019,6,June,Geothermal,14.958363,4,191.518001
126226,Republic of Turkiye,JUN2019,June 2019,2019,6,June,Solar,931.780125,3,8945.713002
126241,Republic of Turkiye,JUN2019,June 2019,2019,6,June,Used for pumped storage,0.0,18,0.0
126247,Republic of Turkiye,JUN2019,June 2019,2019,6,June,Others,103.505223,24,1368.456975
126312,Slovak Republic,JUN2019,June 2019,2019,6,June,Coal,170.848292,8,2414.87489
126329,Slovak Republic,JUN2019,June 2019,2019,6,June,Other renewables aggregated,139.608806,25,1511.417075
126361,Spain,JUN2019,June 2019,2019,6,June,Solar,1733.808134,3,14492.999998
126396,Sweden,JUN2019,June 2019,2019,6,June,Combustible renewables,706.52757,11,12579.461624
126434,Switzerland,JUN2019,June 2019,2019,6,June,Renewables,5279.011553,22,44658.710074
126451,United Kingdom,JUN2019,June 2019,2019,6,June,Other combustible non-renewables,395.177059,12,4806.410441
126464,United Kingdom,JUN2019,June 2019,2019,6,June,Other renewables aggregated,2887.579561,25,35538.129152
126490,United States,JUN2019,June 2019,2019,6,June,Others,3973.355393,24,48425.260924
126611,Brazil,JUL2019,July 2019,2019,7,July,Natural gas,4652.776592,10,56821.13504
126660,Canada,JUL2019,July 2019,2019,7,July,Other renewables,0.0,5,1.0
126727,Colombia,JUL2019,July 2019,2019,7,July,Used for pumped storage,0.0,18,0.0
126785,Cyprus,JUL2019,July 2019,2019,7,July,Renewables,47.467291,22,511.936738
126811,Czech Republic,JUL2019,July 2019,2019,7,July,Electricity trade,314.535997,21,13096.604647
126833,Denmark,JUL2019,July 2019,2019,7,July,Total exports,700.701508,16,10849.350374
126946,Germany,JUL2019,July 2019,2019,7,July,Electricity trade,-60.182527,21,32665.283845
126963,Greece,JUL2019,July 2019,2019,7,July,Combustible renewables,29.926638,11,365.147106
127077,India,JUL2019,July 2019,2019,7,July,Electricity supplied,138151.547792,17,1533937.887914
127102,Ireland,JUL2019,July 2019,2019,7,July,Total imports,232.378006,15,2179.579
127134,Italy,JUL2019,July 2019,2019,7,July,Final consumption,29236.86912,20,301803.852987
127139,Italy,JUL2019,July 2019,2019,7,July,Other renewables aggregated,2050.697804,25,24415.429468
127198,Latvia,JUL2019,July 2019,2019,7,July,Solar,0.432906,3,3.137
127400,North Macedonia,JUL2019,July 2019,2019,7,July,Total exports,61.32528,16,583.019001
127418,Norway,JUL2019,July 2019,2019,7,July,Total combustible fuels,236.854283,7,2940.235997
127456,OECD Americas,JUL2019,July 2019,2019,7,July,Used for pumped storage,3200.941103,18,26272.838156
127535,OECD Total,JUL2019,July 2019,2019,7,July,Total exports,43614.355988,16,512473.590636
127599,Portugal,JUL2019,July 2019,2019,7,July,Low carbon,1599.067365,26,28550.919296
127632,Romania,JUL2019,July 2019,2019,7,July,Other renewables,0.0,5,0.0
127642,Romania,JUL2019,July 2019,2019,7,July,Total imports,426.204309,15,5492.632999
127646,Romania,JUL2019,July 2019,2019,7,July,Distribution losses,536.493533,19,6501.330604
127647,Romania,JUL2019,July 2019,2019,7,July,Final consumption,4092.023612,20,49641.263947
127659,Serbia,JUL2019,July 2019,2019,7,July,Other renewables,0.0,5,0.0
127708,Slovak Republic,JUL2019,July 2019,2019,7,July,Fossil fuels,506.036367,27,5618.582924
127724,Slovenia,JUL2019,July 2019,2019,7,July,Total exports,884.809605,16,9259.675818
127760,Spain,JUL2019,July 2019,2019,7,July,Other renewables aggregated,485.619931,25,5377.396752
127764,Sweden,JUL2019,July 2019,2019,7,July,Wind,1052.491578,2,19847.000001
127766,Sweden,JUL2019,July 2019,2019,7,July,Geothermal,0.0,4,0.0
127805,Switzerland,JUL2019,July 2019,2019,7,July,Total exports,3942.779517,16,35764.999999
127815,Switzerland,JUL2019,July 2019,2019,7,July,Low carbon,7604.729011,26,69938.710074
127826,United Kingdom,JUL2019,July 2019,2019,7,July,Natural gas,10875.724591,10,125161.509094
127860,United States,JUL2019,July 2019,2019,7,July,Electricity supplied,422035.417977,17,4208210.942536
127874,Argentina,AUG2019,August 2019,2019,8,August,Geothermal,0.0,4,0.0
127995,Brazil,AUG2019,August 2019,2019,8,August,Electricity supplied,50481.266234,17,611385.71286
128015,Bulgaria,AUG2019,August 2019,2019,8,August,Natural gas,91.898657,10,1845.656703
128087,Colombia,AUG2019,August 2019,2019,8,August,Hydro,4993.664133,1,52977.54577
128222,Estonia,AUG2019,August 2019,2019,8,August,Hydro,0.304813,1,18.999999
128311,Germany,AUG2019,August 2019,2019,8,August,Oil,375.456279,9,4440.693687
128368,Hungary,AUG2019,August 2019,2019,8,August,Other combustible non-renewables,20.072418,12,227.597318
128391,IEA Total,AUG2019,August 2019,2019,8,August,Coal,209918.524281,8,2307114.123153
128412,Iceland,AUG2019,August 2019,2019,8,August,Wind,0.46107,2,6.568999
128419,Iceland,AUG2019,August 2019,2019,8,August,Oil,0.131,9,2.661
128420,Iceland,AUG2019,August 2019,2019,8,August,Natural gas,0.0,10,0.0
128464,India,AUG2019,August 2019,2019,8,August,Fossil fuels,92129.96803,27,1180970.059545
128651,Luxembourg,AUG2019,August 2019,2019,8,August,Other renewables aggregated,21.967498,25,268.282314
128758,New Zealand,AUG2019,August 2019,2019,8,August,Others,4.389853,24,49.368238
128827,OECD Americas,AUG2019,August 2019,2019,8,August,Other combustible non-renewables,953.313837,12,10109.676074
128849,OECD Asia Oceania,AUG2019,August 2019,2019,8,August,Total combustible fuels,127364.346043,7,1367877.763365
128862,OECD Asia Oceania,AUG2019,August 2019,2019,8,August,Final consumption,162968.812145,20,1772367.932544
129061,Slovak Republic,AUG2019,August 2019,2019,8,August,Solar,72.0,3,589.0
129086,Slovenia,AUG2019,August 2019,2019,8,August,Hydro,298.547317,1,4622.091
129112,Slovenia,AUG2019,August 2019,2019,8,August,Fossil fuels,318.108027,27,4534.599447
129121,Spain,AUG2019,August 2019,2019,8,August,Oil,1071.111073,9,12389.128752
129162,Sweden,AUG2019,August 2019,2019,8,August,Non-renewables,5088.112775,23,67570.538377
129164,Sweden,AUG2019,August 2019,2019,8,August,Other renewables aggregated,706.804372,25,12579.461624
129165,Sweden,AUG2019,August 2019,2019,8,August,Low carbon,10756.488038,26,162408.461626
129189,Switzerland,AUG2019,August 2019,2019,8,August,Non-renewables,2095.05599,23,27080.478929
129210,United Kingdom,AUG2019,August 2019,2019,8,August,Electricity supplied,24736.631563,17,330557.000095
129216,United Kingdom,AUG2019,August 2019,2019,8,August,Non-renewables,13013.255971,23,189939.739947
129251,Argentina,SEP2019,September 2019,2019,9,September,Geothermal,0.0,4,0.0
129379,Brazil,SEP2019,September 2019,2019,9,September,Others,908.797197,24,11835.020184
129389,Bulgaria,SEP2019,September 2019,2019,9,September,Total combustible fuels,1411.077057,7,18494.507999
129445,Chile,SEP2019,September 2019,2019,9,September,Oil,127.986616,9,1126.70714
129512,Croatia,SEP2019,September 2019,2019,9,September,Renewables,405.388898,22,8281.486968
129630,Finland,SEP2019,September 2019,2019,9,September,Other renewables,0.0,5,0.0
129637,Finland,SEP2019,September 2019,2019,9,September,Other combustible non-renewables,30.098182,12,480.980751
129709,Greece,SEP2019,September 2019,2019,9,September,Solar,450.386125,3,4428.509999
129740,Hungary,SEP2019,September 2019,2019,9,September,Total combustible fuels,1230.067748,7,14217.000002
129785,IEA Total,SEP2019,September 2019,2019,9,September,Other renewables aggregated,26660.00546,25,340460.000056
129815,India,SEP2019,September 2019,2019,9,September,Hydro,22820.939675,1,166975.054877
129851,Ireland,SEP2019,September 2019,2019,9,September,Natural gas,1177.935768,10,15363.972523
129884,Italy,SEP2019,September 2019,2019,9,September,Total exports,581.97077,16,5833.707
129928,Korea,SEP2019,September 2019,2019,9,September,Nuclear,9813.113601,6,138679.204
129952,Latvia,SEP2019,September 2019,2019,9,September,Solar,0.254097,3,3.137
130012,Luxembourg,SEP2019,September 2019,2019,9,September,Oil,0.0,9,0.0
130031,Malta,SEP2019,September 2019,2019,9,September,Hydro,0.0,1,0.0
130040,Malta,SEP2019,September 2019,2019,9,September,Natural gas,150.349721,10,1770.362232
130046,Malta,SEP2019,September 2019,2019,9,September,Total exports,0.022365,16,20.451
130150,North Macedonia,SEP2019,September 2019,2019,9,September,Other combustible non-renewables,0.0,12,0.0
130256,OECD Europe,SEP2019,September 2019,2019,9,September,Natural gas,59129.96188,10,706999.688321
130315,Poland,SEP2019,September 2019,2019,9,September,Total imports,1606.212,15,17868.327
130317,Poland,SEP2019,September 2019,2019,9,September,Electricity supplied,12834.412781,17,161985.944001
130358,Republic of Turkiye,SEP2019,September 2019,2019,9,September,Geothermal,504.78062,4,7352.386001
130449,Slovak Republic,SEP2019,September 2019,2019,9,September,Net electricity production,1924.012798,14,26366.0
130481,Slovenia,SEP2019,September 2019,2019,9,September,Distribution losses,52.79367,19,858.450014
130508,Spain,SEP2019,September 2019,2019,9,September,Distribution losses,1991.427335,19,24789.999998
130540,Sweden,SEP2019,September 2019,2019,9,September,Others,100.088837,24,1820.914705
130692,Austria,OCT2019,October 2019,2019,10,October,Net electricity production,5289.055657,14,70773.912337
130760,Bulgaria,OCT2019,October 2019,2019,10,October,Hydro,181.578718,1,3348.842999
130853,Colombia,OCT2019,October 2019,2019,10,October,Not specified,0.0,13,0.0
130967,Denmark,OCT2019,October 2019,2019,10,October,Distribution losses,198.496222,19,2378.194695
131006,Finland,OCT2019,October 2019,2019,10,October,Geothermal,0.0,4,0.0
131108,Greece,OCT2019,October 2019,2019,10,October,Other renewables aggregated,31.376838,25,365.147106
131110,Greece,OCT2019,October 2019,2019,10,October,Fossil fuels,2350.811926,27,29485.625891
131153,IEA Total,OCT2019,October 2019,2019,10,October,Total exports,41076.797985,16,499721.137819
131585,OECD Americas,OCT2019,October 2019,2019,10,October,Total exports,7239.87824,16,109255.991951
131649,OECD Europe,OCT2019,October 2019,2019,10,October,Low carbon,171894.431277,26,2169776.368056
131657,OECD Total,OCT2019,October 2019,2019,10,October,Total combustible fuels,484948.59286,7,5985733.173753
131730,Portugal,OCT2019,October 2019,2019,10,October,Low carbon,2013.029426,26,28550.919296
131770,Romania,OCT2019,October 2019,2019,10,October,Other combustible non-renewables,0.0,12,0.0
131860,Slovenia,OCT2019,October 2019,2019,10,October,Electricity trade,-419.708907,21,238.402818
131866,Slovenia,OCT2019,October 2019,2019,10,October,Fossil fuels,523.230182,27,4534.599447
131910,Sweden,OCT2019,October 2019,2019,10,October,Electricity supplied,11846.090209,17,139484.0
131965,United Kingdom,OCT2019,October 2019,2019,10,October,Used for pumped storage,227.486919,18,2360.450001
131976,United States,OCT2019,October 2019,2019,10,October,Wind,27493.919459,2,295062.429999
132059,Austria,NOV2019,November 2019,2019,11,November,Geothermal,0.016,4,0.192
132071,Austria,NOV2019,November 2019,2019,11,November,Total exports,1582.0515,16,22918.264001
132127,Brazil,NOV2019,November 2019,2019,11,November,Used for pumped storage,0.0,18,0.0
132134,Brazil,NOV2019,November 2019,2019,11,November,Other renewables aggregated,4772.122972,25,51625.623438
132152,Bulgaria,NOV2019,November 2019,2019,11,November,Total exports,854.445096,16,8855.134999
132212,Chile,NOV2019,November 2019,2019,11,November,Renewables,3676.668352,22,38612.830575
132216,Chile,NOV2019,November 2019,2019,11,November,Low carbon,3676.668352,26,38612.830575
132217,Chile,NOV2019,November 2019,2019,11,November,Fossil fuels,3016.203864,27,43487.346384
132247,Croatia,NOV2019,November 2019,2019,11,November,Solar,2.484722,3,82.899999
132264,Croatia,NOV2019,November 2019,2019,11,November,Final consumption,1322.977217,20,16571.999998
132423,France,NOV2019,November 2019,2019,11,November,Electricity supplied,45386.969087,17,489373.431
132471,Greece,NOV2019,November 2019,2019,11,November,Combustible renewables,31.986004,11,365.147106
132571,India,NOV2019,November 2019,2019,11,November,Solar,3971.808264,3,46004.251517
132702,Korea,NOV2019,November 2019,2019,11,November,Low carbon,13190.222333,26,171590.741583
132728,Latvia,NOV2019,November 2019,2019,11,November,Other renewables aggregated,69.934086,25,821.225983
132733,Lithuania,NOV2019,November 2019,2019,11,November,Solar,1.075303,3,84.1
132788,Malta,NOV2019,November 2019,2019,11,November,Geothermal,0.0,4,0.0
132798,Malta,NOV2019,November 2019,2019,11,November,Net electricity production,135.556917,14,1995.119632
132861,Netherlands,NOV2019,November 2019,2019,11,November,Non-renewables,8984.281867,23,95030.404577
132984,OECD Asia Oceania,NOV2019,November 2019,2019,11,November,Combustible renewables,3608.987122,11,34810.239198
132998,OECD Asia Oceania,NOV2019,November 2019,2019,11,November,Other renewables aggregated,4395.010696,25,45425.285326
133038,OECD Total,NOV2019,November 2019,2019,11,November,Combustible renewables,26610.755167,11,303068.598456
133314,Switzerland,NOV2019,November 2019,2019,11,November,Electricity supplied,5671.058451,17,65479.189
133362,United States,NOV2019,November 2019,2019,11,November,Combustible renewables,4652.437267,11,59766.306448
133387,Argentina,DEC2019,December 2019,2019,12,December,Oil,120.17946,9,3240.016438
133409,Australia,DEC2019,December 2019,2019,12,December,Geothermal,0.0,4,0.0
133475,Belgium,DEC2019,December 2019,2019,12,December,Total exports,1472.471508,16,14588.936757
133513,Brazil,DEC2019,December 2019,2019,12,December,Fossil fuels,9931.306239,27,88686.909444
133520,Bulgaria,DEC2019,December 2019,2019,12,December,Total combustible fuels,1703.334157,7,18494.507999
133534,Bulgaria,DEC2019,December 2019,2019,12,December,Electricity trade,334.010205,21,5810.187999
133549,Canada,DEC2019,December 2019,2019,12,December,Oil,470.410515,9,5215.91197
133584,Chile,DEC2019,December 2019,2019,12,December,Electricity supplied,6989.448122,17,82100.176962
133628,Croatia,DEC2019,December 2019,2019,12,December,Total combustible fuels,380.019107,7,4778.0
133765,Finland,DEC2019,December 2019,2019,12,December,Oil,24.972514,9,289.155421
133835,Germany,DEC2019,December 2019,2019,12,December,Other renewables aggregated,4133.748001,25,46751.758056
133876,Hungary,DEC2019,December 2019,2019,12,December,Other combustible non-renewables,21.971402,12,227.597318
133927,Iceland,DEC2019,December 2019,2019,12,December,Oil,1.287,9,2.661
133954,India,DEC2019,December 2019,2019,12,December,Oil,452.648341,9,5591.39344
133957,India,DEC2019,December 2019,2019,12,December,Other combustible non-renewables,59.885833,12,718.629996
133981,Ireland,DEC2019,December 2019,2019,12,December,Oil,14.673124,9,270.690983
133996,Ireland,DEC2019,December 2019,2019,12,December,Others,40.709334,24,555.317174
134078,Korea,DEC2019,December 2019,2019,12,December,Other renewables aggregated,754.688909,25,8626.350581
134136,Luxembourg,DEC2019,December 2019,2019,12,December,Wind,35.196254,2,281.283
134139,Luxembourg,DEC2019,December 2019,2019,12,December,Other renewables,0.0,5,0.0
134159,Luxembourg,DEC2019,December 2019,2019,12,December,Other renewables aggregated,29.347706,25,268.282314
134181,Malta,DEC2019,December 2019,2019,12,December,Final consumption,187.530316,20,2495.489458
134253,New Zealand,DEC2019,December 2019,2019,12,December,Combustible renewables,18.447829,11,574.756779
134257,New Zealand,DEC2019,December 2019,2019,12,December,Total imports,0.0,15,0.0
134329,OECD Americas,DEC2019,December 2019,2019,12,December,Nuclear,82650.657898,6,915759.262
134365,OECD Asia Oceania,DEC2019,December 2019,2019,12,December,Total imports,0.0,15,0.0
134414,OECD Total,DEC2019,December 2019,2019,12,December,Natural gas,261202.5231,10,3103327.150089
134459,Portugal,DEC2019,December 2019,2019,12,December,Hydro,2474.102794,1,10174.779
134560,Serbia,DEC2019,December 2019,2019,12,December,Electricity trade,-107.544,21,-75.641
134582,Slovak Republic,DEC2019,December 2019,2019,12,December,Total exports,1091.092169,16,11838.000001
134595,Slovenia,DEC2019,December 2019,2019,12,December,Wind,0.585142,2,6.149999
134639,Spain,DEC2019,December 2019,2019,12,December,Distribution losses,2066.92313,19,24789.999998
134678,Switzerland,DEC2019,December 2019,2019,12,December,Geothermal,0.0,4,0.0
134866,Brazil,JAN2020,January 2020,2020,1,January,Solar,788.646055,3,10642.309919
134869,Brazil,JAN2020,January 2020,2020,1,January,Nuclear,1089.205867,6,13209.442119
134912,Bulgaria,JAN2020,January 2020,2020,1,January,Renewables,560.13138,22,7690.763573
134919,Canada,JAN2020,January 2020,2020,1,January,Wind,2826.378874,2,35741.369233
134963,Chile,JAN2020,January 2020,2020,1,January,Distribution losses,211.89333,19,2383.507865
135006,Croatia,JAN2020,January 2020,2020,1,January,Coal,56.561779,8,1124.883272
135064,Czech Republic,JAN2020,January 2020,2020,1,January,Other combustible non-renewables,7.580798,12,84.04667
135248,Hungary,JAN2020,January 2020,2020,1,January,Total combustible fuels,1460.430892,7,14286.0
135253,Hungary,JAN2020,January 2020,2020,1,January,Other combustible non-renewables,19.336844,12,224.178018
135289,IEA Total,JAN2020,January 2020,2020,1,January,Electricity trade,193.55001,21,12176.894356
135307,Iceland,JAN2020,January 2020,2020,1,January,Other combustible non-renewables,0.0,12,0.0
135389,Italy,JAN2020,January 2020,2020,1,January,Not specified,35.486333,13,425.835996
135403,Italy,JAN2020,January 2020,2020,1,January,Fossil fuels,15621.814327,27,155053.434759
135471,Latvia,JAN2020,January 2020,2020,1,January,Net electricity production,623.593233,14,5441.672728
135517,Luxembourg,JAN2020,January 2020,2020,1,January,Nuclear,0.0,6,0.0
135559,Malta,JAN2020,January 2020,2020,1,January,Electricity trade,0.0,21,-415.713666
135597,Netherlands,JAN2020,January 2020,2020,1,January,Other renewables,0.0,5,0.0
135614,Netherlands,JAN2020,January 2020,2020,1,January,Renewables,2165.54974,22,32767.033419
135738,OECD Asia Oceania,JAN2020,January 2020,2020,1,January,Combustible renewables,3216.158617,11,38546.375494
135778,OECD Europe,JAN2020,January 2020,2020,1,January,Others,6963.018054,24,74713.345078
135784,OECD Total,JAN2020,January 2020,2020,1,January,Solar,18661.479617,3,395646.393787
135800,OECD Total,JAN2020,January 2020,2020,1,January,Distribution losses,46257.071794,19,494908.093513
135806,OECD Total,JAN2020,January 2020,2020,1,January,Other renewables aggregated,32069.308902,25,359955.425918
135881,Republic of Turkiye,JAN2020,January 2020,2020,1,January,Distribution losses,2540.331282,19,29126.358072
135927,Serbia,JAN2020,January 2020,2020,1,January,Combustible renewables,14.336016,11,174.019685
135974,Slovenia,JAN2020,January 2020,2020,1,January,Geothermal,0.0,4,0.0
135994,Slovenia,JAN2020,January 2020,2020,1,January,Others,2.516638,24,19.284235
136100,United Kingdom,JAN2020,January 2020,2020,1,January,Renewables,13694.551722,22,133990.568095
136109,United States,JAN2020,January 2020,2020,1,January,Geothermal,1199.290275,4,15889.697001
136117,United States,JAN2020,January 2020,2020,1,January,Other combustible non-renewables,846.352433,12,9717.573575
136142,Argentina,FEB2020,February 2020,2020,2,February,Natural gas,7270.305106,10,82946.547519
136207,Austria,FEB2020,February 2020,2020,2,February,Electricity trade,-531.872027,21,-2195.812002
136221,Belgium,FEB2020,February 2020,2020,2,February,Coal,188.521309,8,1811.392851
136284,Bulgaria,FEB2020,February 2020,2020,2,February,Electricity supplied,3175.195252,17,33826.829999
136305,Canada,FEB2020,February 2020,2020,2,February,Combustible renewables,854.618807,11,9399.235151
136372,Colombia,FEB2020,February 2020,2020,2,February,Others,215.589387,24,2546.425789
136402,Croatia,FEB2020,February 2020,2020,2,February,Fossil fuels,437.785463,27,4337.658741
136417,Cyprus,FEB2020,February 2020,2020,2,February,Total imports,0.0,15,0.0
136479,Denmark,FEB2020,February 2020,2020,2,February,Non-renewables,637.195945,23,4879.710838
136506,Estonia,FEB2020,February 2020,2020,2,February,Non-renewables,213.190708,23,3332.971929
136682,Iceland,FEB2020,February 2020,2020,2,February,Natural gas,0.0,10,0.0
136726,India,FEB2020,February 2020,2020,2,February,Fossil fuels,100408.568672,27,1137180.43339
136888,Lithuania,FEB2020,February 2020,2020,2,February,Fossil fuels,95.941149,27,2003.125831
137006,New Zealand,FEB2020,February 2020,2020,2,February,Natural gas,490.91246,10,5935.608567
137039,North Macedonia,FEB2020,February 2020,2020,2,February,Total exports,38.342763,16,473.319667
137078,OECD Americas,FEB2020,February 2020,2020,2,February,Hydro,68955.814032,1,784401.361719
137140,OECD Europe,FEB2020,February 2020,2020,2,February,Oil,3443.94726,9,40365.433807
137206,Poland,FEB2020,February 2020,2020,2,February,Electricity trade,-846.954,21,-13267.044
137216,Portugal,FEB2020,February 2020,2020,2,February,Geothermal,15.81173,4,193.189
137404,Sweden,FEB2020,February 2020,2020,2,February,Solar,27.16,3,679.0
137494,United States,FEB2020,February 2020,2020,2,February,Other combustible non-renewables,764.727984,12,9717.573575
137546,Australia,MAR2020,March 2020,2020,3,March,Natural gas,4241.358248,10,48812.826783
137595,Belgium,MAR2020,March 2020,2020,3,March,Other renewables,0.0,5,0.0
137644,Brazil,MAR2020,March 2020,2020,3,March,Fossil fuels,4913.147238,27,78967.0077
137735,Colombia,MAR2020,March 2020,2020,3,March,Natural gas,1433.282684,10,14723.129533
137857,Denmark,MAR2020,March 2020,2020,3,March,Others,80.478408,24,957.124511
137925,France,MAR2020,March 2020,2020,3,March,Combustible renewables,1004.462656,11,8344.429085
138019,Hungary,MAR2020,March 2020,2020,3,March,Others,31.894659,24,399.036981
138062,Iceland,MAR2020,March 2020,2020,3,March,Not specified,0.0,13,0.0
138092,India,MAR2020,March 2020,2020,3,March,Total exports,0.0,16,0.0
138191,Korea,MAR2020,March 2020,2020,3,March,Total combustible fuels,29451.189294,7,372071.291001
138241,Lithuania,MAR2020,March 2020,2020,3,March,Solar,10.171412,3,108.2
138245,Lithuania,MAR2020,March 2020,2020,3,March,Total combustible fuels,116.874571,7,2355.299999
138273,Luxembourg,MAR2020,March 2020,2020,3,March,Coal,0.0,8,0.0
138313,Malta,MAR2020,March 2020,2020,3,March,Electricity trade,-25.073106,21,-415.713666
138397,New Zealand,MAR2020,March 2020,2020,3,March,Others,3.308238,24,56.908094
138402,North Macedonia,MAR2020,March 2020,2020,3,March,Wind,11.018906,2,116.884
138456,OECD Americas,MAR2020,March 2020,2020,3,March,Wind,34823.298341,2,399144.192463
138479,OECD Americas,MAR2020,March 2020,2020,3,March,Other renewables aggregated,8423.737781,25,95070.322839
138563,Poland,MAR2020,March 2020,2020,3,March,Hydro,294.148997,1,2909.884999
138566,Poland,MAR2020,March 2020,2020,3,March,Geothermal,0.0,4,0.0
138769,Spain,MAR2020,March 2020,2020,3,March,Used for pumped storage,598.029032,18,4619.999999
138856,United Kingdom,MAR2020,March 2020,2020,3,March,Others,586.021476,24,6482.078381
138982,Belgium,APR2020,April 2020,2020,4,April,Total imports,1147.067426,15,13721.943825
138991,Belgium,APR2020,April 2020,2020,4,April,Others,168.052825,24,1767.417292
139066,Canada,APR2020,April 2020,2020,4,April,Used for pumped storage,16.130966,18,212.317888
139073,Canada,APR2020,April 2020,2020,4,April,Other renewables aggregated,687.579741,25,9399.235151
139086,Chile,APR2020,April 2020,2020,4,April,Combustible renewables,512.368509,11,5293.2529
139104,Colombia,APR2020,April 2020,2020,4,April,Wind,0.0,2,9.807001
139108,Colombia,APR2020,April 2020,2020,4,April,Nuclear,0.0,6,0.0
139199,Czech Republic,APR2020,April 2020,2020,4,April,Total exports,1500.590539,16,23520.910843
139276,Finland,APR2020,April 2020,2020,4,April,Other combustible non-renewables,39.691802,12,425.618251
139367,Greece,APR2020,April 2020,2020,4,April,Renewables,1499.585569,22,17947.702883
139394,Hungary,APR2020,April 2020,2020,4,April,Renewables,504.341194,22,5327.579371
139541,Japan,APR2020,April 2020,2020,4,April,Total combustible fuels,49309.395878,7,737288.309593
139570,Korea,APR2020,April 2020,2020,4,April,Oil,392.3232,9,7029.934249
139573,Korea,APR2020,April 2020,2020,4,April,Other combustible non-renewables,68.811985,12,910.788551
139577,Korea,APR2020,April 2020,2020,4,April,Total exports,0.0,16,0.0
139598,Latvia,APR2020,April 2020,2020,4,April,Natural gas,78.070172,10,1890.069228
139623,Lithuania,APR2020,April 2020,2020,4,April,Coal,0.0,8,0.0
139634,Lithuania,APR2020,April 2020,2020,4,April,Distribution losses,72.702099,19,951.553003
139679,Malta,APR2020,April 2020,2020,4,April,Natural gas,132.791098,10,1780.471507
139755,New Zealand,APR2020,April 2020,2020,4,April,Other renewables,0.0,5,0.0
139789,North Macedonia,APR2020,April 2020,2020,4,April,Other combustible non-renewables,0.0,12,0.0
139806,Norway,APR2020,April 2020,2020,4,April,Wind,685.843028,2,9905.292
139856,OECD Americas,APR2020,April 2020,2020,4,April,Other renewables aggregated,7795.733502,25,95070.322839
140027,Romania,APR2020,April 2020,2020,4,April,Total combustible fuels,813.666855,7,17223.910428
140069,Serbia,APR2020,April 2020,2020,4,April,Renewables,734.361154,22,10835.240683
140077,Slovak Republic,APR2020,April 2020,2020,4,April,Solar,95.003049,3,662.999999
140184,Switzerland,APR2020,April 2020,2020,4,April,Wind,7.070486,2,145.45
140198,Switzerland,APR2020,April 2020,2020,4,April,Total exports,2294.224638,16,32547.999999
140343,Austria,MAY2020,May 2020,2020,5,May,Low carbon,5140.880713,26,55447.60816
140357,Belgium,MAY2020,May 2020,2020,5,May,Not specified,58.059458,13,466.7
140480,Colombia,MAY2020,May 2020,2020,5,May,Hydro,3297.203198,1,48444.466998
140497,Colombia,MAY2020,May 2020,2020,5,May,Used for pumped storage,0.0,18,0.0
140505,Colombia,MAY2020,May 2020,2020,5,May,Low carbon,3486.03313,26,50731.028468
140533,Croatia,MAY2020,May 2020,2020,5,May,Fossil fuels,235.006156,27,4337.658741
140729,Greece,MAY2020,May 2020,2020,5,May,Total combustible fuels,1562.23185,7,25425.938426
140933,Japan,MAY2020,May 2020,2020,5,May,Renewables,19494.941988,22,198895.040911
140935,Japan,MAY2020,May 2020,2020,5,May,Others,4145.092158,24,63817.990593
140956,Korea,MAY2020,May 2020,2020,5,May,Used for pumped storage,381.235104,18,4351.01
141006,Lithuania,MAY2020,May 2020,2020,5,May,Net electricity production,383.613832,14,5079.609942
141020,Luxembourg,MAY2020,May 2020,2020,5,May,Hydro,91.879683,1,1088.999
141048,Malta,MAY2020,May 2020,2020,5,May,Wind,0.0,2,0.0
141057,Malta,MAY2020,May 2020,2020,5,May,Combustible renewables,0.0,11,0.0
141082,Mexico,MAY2020,May 2020,2020,5,May,Oil,3511.454173,9,44744.065937
141137,New Zealand,MAY2020,May 2020,2020,5,May,Natural gas,538.544729,10,5935.608567
141153,New Zealand,MAY2020,May 2020,2020,5,May,Low carbon,3034.274328,26,35071.692463
141255,OECD Asia Oceania,MAY2020,May 2020,2020,5,May,Final consumption,125793.198591,20,1732483.193973
141328,Poland,MAY2020,May 2020,2020,5,May,Other combustible non-renewables,32.664251,12,454.692854
141497,Slovenia,MAY2020,May 2020,2020,5,May,Distribution losses,47.735247,19,849.714964
141546,Sweden,MAY2020,May 2020,2020,5,May,Net electricity production,12214.166766,14,159888.650192
141599,United Kingdom,MAY2020,May 2020,2020,5,May,Not specified,0.0,13,0.0
141600,United Kingdom,MAY2020,May 2020,2020,5,May,Net electricity production,20982.27536,14,297682.923055
141629,United States,MAY2020,May 2020,2020,5,May,Total exports,1815.854495,16,18124.004882
141670,Australia,JUN2020,June 2020,2020,6,June,Solar,1233.774461,3,24597.685964
141763,Brazil,JUN2020,June 2020,2020,6,June,Total imports,0.0,15,0.0
141829,Canada,JUN2020,June 2020,2020,6,June,Fossil fuels,6996.783477,27,100503.631087
141902,Croatia,JUN2020,June 2020,2020,6,June,Distribution losses,127.272312,19,1725.000001
141919,Cyprus,JUN2020,June 2020,2020,6,June,Oil,292.220653,9,4056.458108
141926,Cyprus,JUN2020,June 2020,2020,6,June,Total exports,0.0,16,0.0
141941,Czech Republic,JUN2020,June 2020,2020,6,June,Geothermal,0.0,4,0.0
141983,Denmark,JUN2020,June 2020,2020,6,June,Distribution losses,68.308204,19,970.789333
142017,Estonia,JUN2020,June 2020,2020,6,June,Low carbon,109.505647,26,1767.320029
142084,Germany,JUN2020,June 2020,2020,6,June,Other combustible non-renewables,516.116154,12,6126.796953
142095,Germany,JUN2020,June 2020,2020,6,June,Non-renewables,21178.888218,23,295299.287295
142254,Ireland,JUN2020,June 2020,2020,6,June,Final consumption,2191.14184,20,28518.721791
142256,Ireland,JUN2020,June 2020,2020,6,June,Renewables,835.059168,22,13725.098411
142272,Italy,JUN2020,June 2020,2020,6,June,Combustible renewables,1594.858548,11,18836.628236
142301,Japan,JUN2020,June 2020,2020,6,June,Not specified,1410.066167,13,16920.794004
142392,Lithuania,JUN2020,June 2020,2020,6,June,Non-renewables,243.615664,23,2003.125831
142565,Norway,JUN2020,June 2020,2020,6,June,Total combustible fuels,178.887583,7,2372.211999
142615,OECD Asia Oceania,JUN2020,June 2020,2020,6,June,Solar,10087.743327,3,118561.481311
142766,Republic of Turkiye,JUN2020,June 2020,2020,6,June,Distribution losses,2285.504971,19,29126.358072
142858,Slovenia,JUN2020,June 2020,2020,6,June,Solar,40.658282,3,368.116999
142957,Switzerland,JUN2020,June 2020,2020,6,June,Electricity trade,1269.146933,21,5559.999999
142973,United Kingdom,JUN2020,June 2020,2020,6,June,Natural gas,8076.143769,10,105433.391109
143021,Argentina,JUL2020,July 2020,2020,7,July,Geothermal,0.0,4,0.0
143040,Argentina,JUL2020,July 2020,2020,7,July,Non-renewables,8819.43,23,101182.577594
143146,Brazil,JUL2020,July 2020,2020,7,July,Electricity trade,0.0,21,0.0
143160,Bulgaria,JUL2020,July 2020,2020,7,July,Coal,794.827103,8,11513.636897
143202,Canada,JUL2020,July 2020,2020,7,July,Non-renewables,17490.773055,23,193155.237641
143281,Croatia,JUL2020,July 2020,2020,7,July,Electricity trade,-567.323756,21,-4639.299999
143305,Cyprus,JUL2020,July 2020,2020,7,July,Used for pumped storage,0.0,18,0.0
143343,Denmark,JUL2020,July 2020,2020,7,July,Wind,1294.599213,2,16149.833001
143355,Denmark,JUL2020,July 2020,2020,7,July,Net electricity production,1910.474221,14,27700.367
143500,Greece,JUL2020,July 2020,2020,7,July,Others,428.128317,24,4496.93077
143689,Japan,JUL2020,July 2020,2020,7,July,Others,5141.398107,24,63817.990593
143691,Japan,JUL2020,July 2020,2020,7,July,Low carbon,23969.633404,26,258255.672103
143737,Latvia,JUL2020,July 2020,2020,7,July,Used for pumped storage,0.0,18,0.0
143807,Malta,JUL2020,July 2020,2020,7,July,Total combustible fuels,180.843982,7,1838.204449
143838,Mexico,JUL2020,July 2020,2020,7,July,Combustible renewables,8.134204,11,419.003162
143923,North Macedonia,JUL2020,July 2020,2020,7,July,Total imports,179.445568,15,2125.820331
143940,Norway,JUL2020,July 2020,2020,7,July,Other renewables,0.0,5,0.0
143959,Norway,JUL2020,July 2020,2020,7,July,Others,234.193613,24,2250.31221
144087,Poland,JUL2020,July 2020,2020,7,July,Electricity supplied,12876.633386,17,159417.595
144109,Portugal,JUL2020,July 2020,2020,7,July,Other combustible non-renewables,20.947634,12,256.518339
144116,Portugal,JUL2020,July 2020,2020,7,July,Distribution losses,330.236663,19,3788.977853
144122,Portugal,JUL2020,July 2020,2020,7,July,Other renewables aggregated,290.633152,25,3894.799432
144155,Romania,JUL2020,July 2020,2020,7,July,Geothermal,0.0,4,0.0
144195,Serbia,JUL2020,July 2020,2020,7,July,Electricity supplied,2576.350958,17,34668.657001
144297,Sweden,JUL2020,July 2020,2020,7,July,Combustible renewables,632.619675,11,10606.410646
144303,Sweden,JUL2020,July 2020,2020,7,July,Electricity supplied,8716.282664,17,134891.104603
144304,Sweden,JUL2020,July 2020,2020,7,July,Used for pumped storage,2.915576,18,65.127099
144383,United States,JUL2020,July 2020,2020,7,July,Total exports,1899.406442,16,18124.004882
144433,Australia,AUG2020,August 2020,2020,8,August,Other combustible non-renewables,0.0,12,0.0
144475,Austria,AUG2020,August 2020,2020,8,August,Fossil fuels,708.352954,27,13189.888616
144496,Belgium,AUG2020,August 2020,2020,8,August,Electricity trade,-380.372697,21,332.891961
144643,Croatia,AUG2020,August 2020,2020,8,August,Nuclear,0.0,6,0.0
144744,Denmark,AUG2020,August 2020,2020,8,August,Low carbon,1094.309219,26,22820.65616
145006,Ireland,AUG2020,August 2020,2020,8,August,Used for pumped storage,47.106387,18,535.782001
145013,Ireland,AUG2020,August 2020,2020,8,August,Other renewables aggregated,81.434459,25,900.338621
145033,Italy,AUG2020,August 2020,2020,8,August,Used for pumped storage,159.640631,18,2667.981001
145049,Japan,AUG2020,August 2020,2020,8,August,Total combustible fuels,72605.071461,7,737288.309593
145177,Luxembourg,AUG2020,August 2020,2020,8,August,Fossil fuels,11.810918,27,247.697623
145239,Netherlands,AUG2020,August 2020,2020,8,August,Coal,598.01402,8,9644.674564
145281,New Zealand,AUG2020,August 2020,2020,8,August,Non-renewables,876.023701,23,8150.367539
145339,Norway,AUG2020,August 2020,2020,8,August,Fossil fuels,254.421175,27,2427.786751
145345,OECD Americas,AUG2020,August 2020,2020,8,August,Nuclear,77919.317692,6,893396.817453
145357,OECD Americas,AUG2020,August 2020,2020,8,August,Used for pumped storage,3347.440812,18,26594.6906
145370,OECD Asia Oceania,AUG2020,August 2020,2020,8,August,Geothermal,876.570156,4,10358.55466
145454,Poland,AUG2020,August 2020,2020,8,August,Total combustible fuels,10471.262989,7,125770.241998
145541,Romania,AUG2020,August 2020,2020,8,August,Not specified,0.0,13,0.0
145593,Slovak Republic,AUG2020,August 2020,2020,8,August,Combustible renewables,107.390223,11,1493.137142
145594,Slovak Republic,AUG2020,August 2020,2020,8,August,Other combustible non-renewables,2.449247,12,39.269597
145706,Switzerland,AUG2020,August 2020,2020,8,August,Total exports,2573.130379,16,32547.999999
145719,United Kingdom,AUG2020,August 2020,2020,8,August,Wind,4550.916157,2,75369.123
145752,United States,AUG2020,August 2020,2020,8,August,Coal,95141.796092,8,811761.104058
145816,Australia,SEP2020,September 2020,2020,9,September,Used for pumped storage,46.405995,18,643.922181
145827,Austria,SEP2020,September 2020,2020,9,September,Wind,451.054521,2,7153.627588
145998,Colombia,SEP2020,September 2020,2020,9,September,Combustible renewables,173.509577,11,2082.11747
146103,Denmark,SEP2020,September 2020,2020,9,September,Coal,131.092505,8,2828.631416
146122,Denmark,SEP2020,September 2020,2020,9,September,Fossil fuels,275.667818,27,4879.710838
146138,Estonia,SEP2020,September 2020,2020,9,September,Total exports,334.148291,16,3723.652508
146199,France,SEP2020,September 2020,2020,9,September,Non-renewables,25432.526802,23,381401.621923
146339,India,SEP2020,September 2020,2020,9,September,Hydro,20791.870968,1,168049.492955
146363,India,SEP2020,September 2020,2020,9,September,Other renewables aggregated,2492.515788,25,29928.407831
146385,Ireland,SEP2020,September 2020,2020,9,September,Final consumption,2339.793976,20,28518.721791
146426,Japan,SEP2020,September 2020,2020,9,September,Total combustible fuels,62939.237201,7,737288.309593
146467,Korea,SEP2020,September 2020,2020,9,September,Electricity trade,0.0,21,0.0
146550,Luxembourg,SEP2020,September 2020,2020,9,September,Non-renewables,11.881225,23,247.697623
146574,Malta,SEP2020,September 2020,2020,9,September,Final consumption,223.460354,20,2365.568538
146593,Mexico,SEP2020,September 2020,2020,9,September,Other combustible non-renewables,13.257781,12,144.052431
146619,Netherlands,SEP2020,September 2020,2020,9,September,Combustible renewables,758.409084,11,8989.647874
146654,New Zealand,SEP2020,September 2020,2020,9,September,Distribution losses,241.545393,19,2779.938739
146670,North Macedonia,SEP2020,September 2020,2020,9,September,Coal,184.953253,8,2427.703947
146727,OECD Americas,SEP2020,September 2020,2020,9,September,Combustible renewables,5890.283682,11,74363.432833
146794,OECD Europe,SEP2020,September 2020,2020,9,September,Others,6487.346116,24,74713.345078
146863,Portugal,SEP2020,September 2020,2020,9,September,Other combustible non-renewables,23.43258,12,256.518339
146897,Republic of Turkiye,SEP2020,September 2020,2020,9,September,Distribution losses,2680.400554,19,29126.358072
146899,Republic of Turkiye,SEP2020,September 2020,2020,9,September,Electricity trade,165.71808,21,594.121999
147005,Slovenia,SEP2020,September 2020,2020,9,September,Distribution losses,52.549791,19,849.714964
147015,Spain,SEP2020,September 2020,2020,9,September,Wind,3977.469278,2,55067.000001
147018,Spain,SEP2020,September 2020,2020,9,September,Other renewables,2.166667,5,26.000004
147026,Spain,SEP2020,September 2020,2020,9,September,Not specified,12.0,13,144.0
147050,Sweden,SEP2020,September 2020,2020,9,September,Natural gas,5.149606,10,54.726755
147051,Sweden,SEP2020,September 2020,2020,9,September,Combustible renewables,733.154701,11,10606.410646
147068,Switzerland,SEP2020,September 2020,2020,9,September,Hydro,3364.579871,1,40616.000002
147130,United States,SEP2020,September 2020,2020,9,September,Oil,2448.324215,9,35487.017289
147243,Belgium,OCT2020,October 2020,2020,10,October,Net electricity production,6940.796448,14,86055.1
147321,Canada,OCT2020,October 2020,2020,10,October,Combustible renewables,783.692362,11,9399.235151
147350,Chile,OCT2020,October 2020,2020,10,October,Not specified,0.0,13,0.0
147369,Colombia,OCT2020,October 2020,2020,10,October,Other renewables,0.0,5,0.0
147473,Denmark,OCT2020,October 2020,2020,10,October,Hydro,1.136595,1,17.217
147587,Germany,OCT2020,October 2020,2020,10,October,Total combustible fuels,26055.841721,7,280263.000001
147624,Greece,OCT2020,October 2020,2020,10,October,Electricity supplied,3907.143456,17,51896.487674
147628,Greece,OCT2020,October 2020,2020,10,October,Electricity trade,-717.633003,21,-8861.56871
147640,Hungary,OCT2020,October 2020,2020,10,October,Nuclear,1434.103962,6,15172.000002
147760,Ireland,OCT2020,October 2020,2020,10,October,Used for pumped storage,46.194287,18,535.782001
147767,Ireland,OCT2020,October 2020,2020,10,October,Other renewables aggregated,64.22562,25,900.338621
147813,Japan,OCT2020,October 2020,2020,10,October,Electricity supplied,74119.112202,17,968715.072285
147970,Mexico,OCT2020,October 2020,2020,10,October,Other combustible non-renewables,12.704471,12,144.052431
148054,North Macedonia,OCT2020,October 2020,2020,10,October,Total imports,204.450414,15,2125.820331
148224,Poland,OCT2020,October 2020,2020,10,October,Non-renewables,10362.795222,23,116598.406489
148263,Republic of Turkiye,OCT2020,October 2020,2020,10,October,Coal,8769.171103,8,99305.545957
148297,Romania,OCT2020,October 2020,2020,10,October,Total imports,959.459936,15,7551.620017
148307,Romania,OCT2020,October 2020,2020,10,October,Other renewables aggregated,53.10879,25,468.606973
148379,Slovenia,OCT2020,October 2020,2020,10,October,Total exports,998.837909,16,9123.05585
148387,Slovenia,OCT2020,October 2020,2020,10,October,Others,0.567521,24,19.284235
148489,United Kingdom,OCT2020,October 2020,2020,10,October,Used for pumped storage,167.228126,18,1871.350001
148506,United States,OCT2020,October 2020,2020,10,October,Coal,62869.834317,8,811761.104058
148622,Belgium,NOV2020,November 2020,2020,11,November,Total exports,1506.477228,16,14054.835786
148634,Brazil,NOV2020,November 2020,2020,11,November,Hydro,28375.396148,1,392363.94384
148639,Brazil,NOV2020,November 2020,2020,11,November,Nuclear,1262.770853,6,13209.442119
148728,Chile,NOV2020,November 2020,2020,11,November,Net electricity production,6816.525576,14,81920.732369
148730,Chile,NOV2020,November 2020,2020,11,November,Total exports,0.0,16,0.0
148883,Estonia,NOV2020,November 2020,2020,11,November,Total combustible fuels,453.700828,7,4163.023108
148904,Finland,NOV2020,November 2020,2020,11,November,Hydro,1545.975445,1,15669.336405
148998,Greece,NOV2020,November 2020,2020,11,November,Net electricity production,3701.899028,14,43034.918964
149021,Hungary,NOV2020,November 2020,2020,11,November,Natural gas,938.638024,10,8456.441333
149029,Hungary,NOV2020,November 2020,2020,11,November,Used for pumped storage,0.0,18,0.0
149051,IEA Total,NOV2020,November 2020,2020,11,November,Not specified,3422.194418,13,43717.525014
149076,Iceland,NOV2020,November 2020,2020,11,November,Combustible renewables,0.0,11,0.0
149107,India,NOV2020,November 2020,2020,11,November,Total imports,0.0,15,0.0
149114,India,NOV2020,November 2020,2020,11,November,Renewables,20477.764359,22,324222.356117
149138,Ireland,NOV2020,November 2020,2020,11,November,Distribution losses,201.477546,19,2313.451
149169,Italy,NOV2020,November 2020,2020,11,November,Non-renewables,13654.242934,23,155053.434759
149219,Korea,NOV2020,November 2020,2020,11,November,Distribution losses,1502.923426,19,18450.819111
149335,Malta,NOV2020,November 2020,2020,11,November,Fossil fuels,89.73044,27,1838.204451
149381,Netherlands,NOV2020,November 2020,2020,11,November,Distribution losses,418.979991,19,4788.568205
149418,North Macedonia,NOV2020,November 2020,2020,11,November,Wind,7.982932,2,116.884
149460,Norway,NOV2020,November 2020,2020,11,November,Electricity supplied,11950.454458,17,133179.606478
149498,OECD Asia Oceania,NOV2020,November 2020,2020,11,November,Hydro,8182.723553,1,131157.78099
149532,OECD Europe,NOV2020,November 2020,2020,11,November,Coal,44801.465765,8,438182.93162
149548,OECD Europe,NOV2020,November 2020,2020,11,November,Others,6255.877678,24,74713.345078
149590,Poland,NOV2020,November 2020,2020,11,November,Other combustible non-renewables,39.490431,12,454.692854
149650,Republic of Turkiye,NOV2020,November 2020,2020,11,November,Used for pumped storage,0.0,18,0.0
149672,Romania,NOV2020,November 2020,2020,11,November,Not specified,0.0,13,0.0
149776,Spain,NOV2020,November 2020,2020,11,November,Oil,889.902799,9,10287.153748
149847,Switzerland,NOV2020,November 2020,2020,11,November,Low carbon,5370.773666,26,68231.197091
149854,United Kingdom,NOV2020,November 2020,2020,11,November,Nuclear,4124.784645,6,45668.029999
149892,United States,NOV2020,November 2020,2020,11,November,Electricity supplied,309022.674429,17,4095730.538767
149948,Australia,DEC2020,December 2020,2020,12,December,Distribution losses,845.60399,19,9719.143667
149987,Belgium,DEC2020,December 2020,2020,12,December,Geothermal,0.0,4,0.0
150005,Belgium,DEC2020,December 2020,2020,12,December,Renewables,2084.039675,22,24035.054198
150035,Brazil,DEC2020,December 2020,2020,12,December,Other renewables aggregated,2389.676526,25,55217.212101
150090,Canada,DEC2020,December 2020,2020,12,December,Low carbon,50583.792539,26,523132.788693
150099,Chile,DEC2020,December 2020,2020,12,December,Coal,1995.921377,8,25159.669865
150150,Croatia,DEC2020,December 2020,2020,12,December,Other renewables,0.0,5,0.0
150165,Croatia,DEC2020,December 2020,2020,12,December,Final consumption,1450.595225,20,15705.071613
150180,Cyprus,DEC2020,December 2020,2020,12,December,Coal,0.0,8,0.0
150209,Czech Republic,DEC2020,December 2020,2020,12,December,Natural gas,765.3612,10,6132.213847
150227,Denmark,DEC2020,December 2020,2020,12,December,Hydro,0.546912,1,17.217
150260,Estonia,DEC2020,December 2020,2020,12,December,Total combustible fuels,415.878291,7,4163.023108
150368,Greece,DEC2020,December 2020,2020,12,December,Total combustible fuels,2729.534006,7,25425.938426
150396,Hungary,DEC2020,December 2020,2020,12,December,Coal,317.787455,8,3558.942311
150533,Italy,DEC2020,December 2020,2020,12,December,Natural gas,11836.797445,10,128255.12478
150610,Latvia,DEC2020,December 2020,2020,12,December,Nuclear,0.0,6,0.0
150614,Latvia,DEC2020,December 2020,2020,12,December,Natural gas,236.138175,10,1890.069228
150632,Lithuania,DEC2020,December 2020,2020,12,December,Hydro,78.615886,1,928.133561
150636,Lithuania,DEC2020,December 2020,2020,12,December,Other renewables,0.0,5,0.0
150641,Lithuania,DEC2020,December 2020,2020,12,December,Natural gas,154.105571,10,1568.168214
150669,Luxembourg,DEC2020,December 2020,2020,12,December,Combustible renewables,33.860775,11,360.577683
150750,Netherlands,DEC2020,December 2020,2020,12,December,Combustible renewables,942.91042,11,8989.647874
150798,North Macedonia,DEC2020,December 2020,2020,12,December,Other renewables,0.0,5,0.0
150801,North Macedonia,DEC2020,December 2020,2020,12,December,Coal,223.598369,8,2427.703947
150802,North Macedonia,DEC2020,December 2020,2020,12,December,Oil,10.760784,9,85.176645
150872,OECD Americas,DEC2020,December 2020,2020,12,December,Other renewables aggregated,8357.89044,25,95070.322839
150893,OECD Asia Oceania,DEC2020,December 2020,2020,12,December,Distribution losses,6703.027683,19,72043.649534
150948,OECD Total,DEC2020,December 2020,2020,12,December,Final consumption,879134.80288,20,9788029.715211
150957,Poland,DEC2020,December 2020,2020,12,December,Wind,1711.859453,2,15429.169
150963,Poland,DEC2020,December 2020,2020,12,December,Coal,9264.020457,8,100219.251621
151024,Republic of Turkiye,DEC2020,December 2020,2020,12,December,Total imports,35.00184,15,1889.521
151069,Serbia,DEC2020,December 2020,2020,12,December,Nuclear,0.0,6,0.0
151087,Serbia,DEC2020,December 2020,2020,12,December,Others,1.755221,24,18.469252
151215,Switzerland,DEC2020,December 2020,2020,12,December,Electricity supplied,6135.937692,17,64444.711
151305,Argentina,JAN2021,January 2021,2021,1,January,Low carbon,4314.094977,26,52811.472557
151314,Australia,JAN2021,January 2021,2021,1,January,Coal,11375.177536,8,128379.921504
151374,Belgium,JAN2021,January 2021,2021,1,January,Net electricity production,8570.73462,14,96056.877946
151401,Brazil,JAN2021,January 2021,2021,1,January,Net electricity production,53811.237296,14,636952.040967
151448,Canada,JAN2021,January 2021,2021,1,January,Total combustible fuels,10623.371234,7,120800.180915
151456,Canada,JAN2021,January 2021,2021,1,January,Total imports,870.611319,15,13016.571981
151612,Czech Republic,JAN2021,January 2021,2021,1,January,Electricity supplied,6472.560377,17,67105.273929
151647,Denmark,JAN2021,January 2021,2021,1,January,Other renewables aggregated,1022.56366,25,8295.343636
151667,Estonia,JAN2021,January 2021,2021,1,January,Used for pumped storage,0.0,18,0.0
151670,Estonia,JAN2021,January 2021,2021,1,January,Electricity trade,-362.958087,21,-2628.736432
151678,Finland,JAN2021,January 2021,2021,1,January,Wind,522.988204,2,8186.005247
151761,Greece,JAN2021,January 2021,2021,1,January,Geothermal,0.0,4,0.0
151771,Greece,JAN2021,January 2021,2021,1,January,Net electricity production,4929.94831,14,52596.302143
151781,Greece,JAN2021,January 2021,2021,1,January,Others,369.164557,24,4160.455439
151824,IEA Total,JAN2021,January 2021,2021,1,January,Not specified,3824.209005,13,46718.572739
151836,IEA Total,JAN2021,January 2021,2021,1,January,Other renewables aggregated,32134.568676,25,363760.587175
151886,India,JAN2021,January 2021,2021,1,January,Electricity trade,0.0,21,0.0
151963,Japan,JAN2021,January 2021,2021,1,January,Electricity supplied,97602.924803,17,990727.254869
151975,Korea,JAN2021,January 2021,2021,1,January,Wind,378.129946,2,3179.930999
151999,Korea,JAN2021,January 2021,2021,1,January,Low carbon,16381.352296,26,197035.749013
152061,Luxembourg,JAN2021,January 2021,2021,1,January,Total combustible fuels,61.370903,7,640.106382
152064,Luxembourg,JAN2021,January 2021,2021,1,January,Natural gas,25.843073,10,191.766747
152121,Mexico,JAN2021,January 2021,2021,1,January,Not specified,1071.166667,13,12854.000004
152192,North Macedonia,JAN2021,January 2021,2021,1,January,Solar,1.079908,3,23.498003
152205,North Macedonia,JAN2021,January 2021,2021,1,January,Total exports,0.0,16,0.0
152248,OECD Americas,JAN2021,January 2021,2021,1,January,Other renewables,0.0,5,0.0
152278,OECD Asia Oceania,JAN2021,January 2021,2021,1,January,Coal,60098.601839,8,612235.176874
152289,OECD Asia Oceania,JAN2021,January 2021,2021,1,January,Distribution losses,8758.455085,19,96112.85307
152334,OECD Total,JAN2021,January 2021,2021,1,January,Natural gas,278201.647995,10,3110361.454266
152392,Portugal,JAN2021,January 2021,2021,1,January,Net electricity production,5188.033366,14,48947.257275
152420,Republic of Turkiye,JAN2021,January 2021,2021,1,January,Total imports,65.666851,15,2330.499761
152442,Romania,JAN2021,January 2021,2021,1,January,Natural gas,975.951344,10,8771.47601
152443,Romania,JAN2021,January 2021,2021,1,January,Combustible renewables,53.10879,11,607.627042
152447,Romania,JAN2021,January 2021,2021,1,January,Total imports,767.438156,15,5286.796185
152453,Romania,JAN2021,January 2021,2021,1,January,Electricity trade,-74.458551,21,24.564349
152521,Slovenia,JAN2021,January 2021,2021,1,January,Coal,384.329132,8,3455.871239
152575,Sweden,JAN2021,January 2021,2021,1,January,Coal,123.933901,8,997.960158
152581,Sweden,JAN2021,January 2021,2021,1,January,Net electricity production,16475.529297,14,166245.955247
152655,United States,JAN2021,January 2021,2021,1,January,Total combustible fuels,217845.485558,7,2593997.172835
152668,United States,JAN2021,January 2021,2021,1,January,Final consumption,349556.415849,20,4105858.14123
152674,United States,JAN2021,January 2021,2021,1,January,Low carbon,144215.615139,26,1670530.526401
152697,Argentina,FEB2021,February 2021,2021,2,February,Renewables,3739.770142,22,42587.396466
152756,Austria,FEB2021,February 2021,2021,2,February,Fossil fuels,1477.634854,27,13761.515277
152798,Brazil,FEB2021,February 2021,2021,2,February,Total imports,0.0,15,0.0
152900,Colombia,FEB2021,February 2021,2021,2,February,Oil,208.86998,9,2540.518687
152930,Costa Rica,FEB2021,February 2021,2021,2,February,Distribution losses,39.991713,19,1051.869999
153040,Denmark,FEB2021,February 2021,2021,2,February,Electricity trade,-157.036827,21,-6465.417391
153088,Finland,FEB2021,February 2021,2021,2,February,Total imports,2066.328646,15,23999.140968
153157,Greece,FEB2021,February 2021,2021,2,February,Solar,305.915592,3,5167.974049
153165,Greece,FEB2021,February 2021,2021,2,February,Combustible renewables,12.570018,11,160.806656
153209,IEA Total,FEB2021,February 2021,2021,2,February,Hydro,124016.138114,1,1404551.033372
153217,IEA Total,FEB2021,February 2021,2021,2,February,Oil,13481.146445,9,169861.246336
153223,IEA Total,FEB2021,February 2021,2021,2,February,Total imports,40811.639067,15,511916.233569
153232,IEA Total,FEB2021,February 2021,2021,2,February,Others,21492.364986,24,273742.567611
153297,Ireland,FEB2021,February 2021,2021,2,February,Coal,182.164414,8,6579.887998
153328,Italy,FEB2021,February 2021,2021,2,February,Other combustible non-renewables,178.294333,12,2382.491104
153374,Korea,FEB2021,February 2021,2021,2,February,Geothermal,0.0,4,0.0
153400,Latvia,FEB2021,February 2021,2021,2,February,Solar,0.218115,3,4.847
153522,Mexico,FEB2021,February 2021,2021,2,February,Electricity supplied,23848.262412,17,346785.676197
153707,OECD Europe,FEB2021,February 2021,2021,2,February,Not specified,501.343786,13,5941.267542
153727,OECD Total,FEB2021,February 2021,2021,2,February,Nuclear,145916.417496,6,1818330.890758
153728,OECD Total,FEB2021,February 2021,2021,2,February,Total combustible fuels,472411.982373,7,5806673.445445
153783,Portugal,FEB2021,February 2021,2021,2,February,Coal,26.483257,8,771.817
153845,Romania,FEB2021,February 2021,2021,2,February,Total exports,711.889161,16,5311.360534
153872,Serbia,FEB2021,February 2021,2021,2,February,Total exports,0.0,16,0.0
153892,Slovak Republic,FEB2021,February 2021,2021,2,February,Oil,30.093905,9,357.114344
154107,Australia,MAR2021,March 2021,2021,3,March,Coal,11172.469641,8,128379.921504
154136,Austria,MAR2021,March 2021,2021,3,March,Natural gas,1161.272385,10,10282.254484
154154,Belgium,MAR2021,March 2021,2021,3,March,Hydro,147.403539,1,1288.425475
154193,Brazil,MAR2021,March 2021,2021,3,March,Not specified,0.0,13,0.0
154242,Canada,MAR2021,March 2021,2021,3,March,Coal,2956.441407,8,36974.298372
154295,Colombia,MAR2021,March 2021,2021,3,March,Total combustible fuels,1980.516694,7,22487.155456
154323,Costa Rica,MAR2021,March 2021,2021,3,March,Net electricity production,1019.472238,14,12504.000003
154326,Costa Rica,MAR2021,March 2021,2021,3,March,Electricity supplied,1001.136626,17,11501.252005
154403,Czech Republic,MAR2021,March 2021,2021,3,March,Net electricity production,6912.797753,14,78180.540315
154420,Denmark,MAR2021,March 2021,2021,3,March,Geothermal,0.0,4,0.0
154476,Finland,MAR2021,March 2021,2021,3,March,Nuclear,2080.368064,6,22629.813964
154674,India,MAR2021,March 2021,2021,3,March,Total imports,0.0,15,0.0
154676,India,MAR2021,March 2021,2021,3,March,Electricity supplied,142565.349287,17,1625370.578035
154686,India,MAR2021,March 2021,2021,3,March,Fossil fuels,117130.624564,27,1243382.307711
154768,Korea,MAR2021,March 2021,2021,3,March,Hydro,509.234854,1,6699.460001
154866,Luxembourg,MAR2021,March 2021,2021,3,March,Used for pumped storage,116.621514,18,1362.103598
154925,Mexico,MAR2021,March 2021,2021,3,March,Non-renewables,21839.622525,23,272626.053432
154947,Netherlands,MAR2021,March 2021,2021,3,March,Used for pumped storage,0.0,18,0.0
154998,North Macedonia,MAR2021,March 2021,2021,3,March,Total imports,0.0,15,0.0
155024,Norway,MAR2021,March 2021,2021,3,March,Net electricity production,13810.485102,14,157419.432788
155041,OECD Americas,MAR2021,March 2021,2021,3,March,Geothermal,1773.347393,4,21640.9586
155114,OECD Europe,MAR2021,March 2021,2021,3,March,Non-renewables,173056.400727,23,2024674.314605
155124,OECD Total,MAR2021,March 2021,2021,3,March,Nuclear,153178.119852,6,1818330.890758
155143,OECD Total,MAR2021,March 2021,2021,3,March,Other renewables aggregated,33476.070022,25,379913.643143
155152,Poland,MAR2021,March 2021,2021,3,March,Total combustible fuels,11705.011714,7,144484.842017
155264,Serbia,MAR2021,March 2021,2021,3,March,Combustible renewables,18.183621,11,224.336766
155345,Spain,MAR2021,March 2021,2021,3,March,Combustible renewables,490.942652,11,6358.413605
155354,Spain,MAR2021,March 2021,2021,3,March,Final consumption,19826.876695,20,233478.301117
155415,Switzerland,MAR2021,March 2021,2021,3,March,Fossil fuels,149.104274,27,1651.631585
155545,Austria,APR2021,April 2021,2021,4,April,Renewables,4139.042577,22,53472.61501
155563,Belgium,APR2021,April 2021,2021,4,April,Not specified,24.507138,13,351.63807
155567,Belgium,APR2021,April 2021,2021,4,April,Electricity supplied,7239.015217,17,88180.521929
155616,Bulgaria,APR2021,April 2021,2021,4,April,Other combustible non-renewables,0.0,12,0.0
155639,Canada,APR2021,April 2021,2021,4,April,Coal,2541.49857,8,36974.298372
155664,Chile,APR2021,April 2021,2021,4,April,Nuclear,0.0,6,0.0
155746,Croatia,APR2021,April 2021,2021,4,April,Total imports,923.639771,15,11345.621549
155765,Cyprus,APR2021,April 2021,2021,4,April,Total combustible fuels,242.067,7,4156.826556
155888,Finland,APR2021,April 2021,2021,4,April,Renewables,3124.473397,22,37048.768122
156011,IEA Total,APR2021,April 2021,2021,4,April,Natural gas,224033.157773,10,3079180.841345
156036,Iceland,APR2021,April 2021,2021,4,April,Coal,0.0,8,0.0
156048,Iceland,APR2021,April 2021,2021,4,April,Final consumption,1505.582754,20,18740.819354
156090,Ireland,APR2021,April 2021,2021,4,April,Coal,468.635415,8,6579.887998
156144,Japan,APR2021,April 2021,2021,4,April,Coal,20139.405202,8,302836.408153
156190,Korea,APR2021,April 2021,2021,4,April,Fossil fuels,25461.781198,27,352854.542277
156314,Mexico,APR2021,April 2021,2021,4,April,Total exports,184.625036,16,1359.544278
156387,North Macedonia,APR2021,April 2021,2021,4,April,Coal,191.123082,8,2087.128393
156393,North Macedonia,APR2021,April 2021,2021,4,April,Net electricity production,316.447876,14,5185.596477
156407,Norway,APR2021,April 2021,2021,4,April,Hydro,11385.606149,1,143891.124431
156434,OECD Americas,APR2021,April 2021,2021,4,April,Hydro,59534.044462,1,782268.455874
156636,Romania,APR2021,April 2021,2021,4,April,Net electricity production,4582.99126,14,54963.877351
156740,Spain,APR2021,April 2021,2021,4,April,Natural gas,5198.245475,10,66479.769212
156801,Switzerland,APR2021,April 2021,2021,4,April,Electricity supplied,5345.633442,17,66660.189757
156940,Austria,MAY2021,May 2021,2021,5,May,Electricity trade,501.78141,21,-7543.156284
156980,Brazil,MAY2021,May 2021,2021,5,May,Total combustible fuels,14083.509242,7,196820.964317
157047,Canada,MAY2021,May 2021,2021,5,May,Final consumption,41296.284559,20,545012.618907
157085,Colombia,MAY2021,May 2021,2021,5,May,Geothermal,0.0,4,0.0
157092,Colombia,MAY2021,May 2021,2021,5,May,Combustible renewables,173.431749,11,2082.235059
157096,Colombia,MAY2021,May 2021,2021,5,May,Total imports,15.61823,15,457.492574
157235,Denmark,MAY2021,May 2021,2021,5,May,Fossil fuels,386.73133,27,7169.475219
157236,Estonia,MAY2021,May 2021,2021,5,May,Hydro,3.0,1,30.236843
157241,Estonia,MAY2021,May 2021,2021,5,May,Nuclear,0.0,6,0.0
157284,Finland,MAY2021,May 2021,2021,5,May,Renewables,3156.996398,22,37048.768122
157391,Hungary,MAY2021,May 2021,2021,5,May,Electricity trade,-1043.744317,21,-12753.802174
157406,IEA Total,MAY2021,May 2021,2021,5,May,Oil,12069.368444,9,169861.246336
157495,Ireland,MAY2021,May 2021,2021,5,May,Electricity supplied,2882.4573,17,35524.40445
157518,Italy,MAY2021,May 2021,2021,5,May,Not specified,35.486333,13,425.835996
157611,Latvia,MAY2021,May 2021,2021,5,May,Other renewables aggregated,62.973018,25,747.679638
157666,Luxembourg,MAY2021,May 2021,2021,5,May,Low carbon,194.496234,26,2013.826948
157682,Malta,MAY2021,May 2021,2021,5,May,Total imports,0.0,15,0.0
157922,OECD Total,MAY2021,May 2021,2021,5,May,Other combustible non-renewables,4695.388986,12,57172.282075
157954,Poland,MAY2021,May 2021,2021,5,May,Electricity supplied,13143.314131,17,168661.510566
158072,Serbia,MAY2021,May 2021,2021,5,May,Fossil fuels,1312.234583,27,22575.025983
158213,United Kingdom,MAY2021,May 2021,2021,5,May,Nuclear,3253.387889,6,41661.544914
158241,United States,MAY2021,May 2021,2021,5,May,Total combustible fuels,187342.694855,7,2593997.172835
158341,Austria,JUN2021,June 2021,2021,6,June,Low carbon,5709.610722,26,53481.721502
158407,Bulgaria,JUN2021,June 2021,2021,6,June,Combustible renewables,150.391741,11,2227.290127
158465,Chile,JUN2021,June 2021,2021,6,June,Total imports,0.0,15,0.0
158480,Colombia,JUN2021,June 2021,2021,6,June,Solar,22.681792,3,323.701351
158541,Croatia,JUN2021,June 2021,2021,6,June,Used for pumped storage,14.138141,18,150.622477
158545,Croatia,JUN2021,June 2021,2021,6,June,Renewables,615.745135,22,10445.7978
158559,Cyprus,JUN2021,June 2021,2021,6,June,Oil,333.135448,9,4100.2433
158601,Czech Republic,JUN2021,June 2021,2021,6,June,Others,26.533101,24,303.142572
158628,Denmark,JUN2021,June 2021,2021,6,June,Others,69.773264,24,1039.020247
158649,Estonia,JUN2021,June 2021,2021,6,June,Used for pumped storage,0.0,18,0.0
158787,Hungary,JUN2021,June 2021,2021,6,June,Electricity trade,-854.524142,21,-12753.802174
158806,IEA Total,JUN2021,June 2021,2021,6,June,Not specified,3832.736765,13,46718.572739
158825,Iceland,JUN2021,June 2021,2021,6,June,Other renewables,0.0,5,0.0
158849,India,JUN2021,June 2021,2021,6,June,Wind,11086.723482,2,77929.108474
158852,India,JUN2021,June 2021,2021,6,June,Other renewables,0.0,5,0.0
158885,Ireland,JUN2021,June 2021,2021,6,June,Combustible renewables,51.103527,11,930.050686
158960,Korea,JUN2021,June 2021,2021,6,June,Other renewables,34.837601,5,454.967999
158999,Latvia,JUN2021,June 2021,2021,6,June,Electricity supplied,551.438391,17,7308.717308
159080,Malta,JUN2021,June 2021,2021,6,June,Electricity supplied,211.86236,17,2085.12181
159097,Mexico,JUN2021,June 2021,2021,6,June,Total combustible fuels,24008.707932,7,248792.219416
159130,Netherlands,JUN2021,June 2021,2021,6,June,Not specified,38.468833,13,461.625996
159135,Netherlands,JUN2021,June 2021,2021,6,June,Used for pumped storage,0.0,18,0.0
159186,North Macedonia,JUN2021,June 2021,2021,6,June,Total imports,0.0,15,0.0
159200,Norway,JUN2021,June 2021,2021,6,June,Wind,613.234878,2,11760.743208
159234,OECD Americas,JUN2021,June 2021,2021,6,June,Oil,7505.495956,9,89768.340436
159274,OECD Asia Oceania,JUN2021,June 2021,2021,6,June,Renewables,31751.123519,22,370702.282461
159360,Poland,JUN2021,June 2021,2021,6,June,Fossil fuels,10631.253213,27,136104.407543
159378,Portugal,JUN2021,June 2021,2021,6,June,Used for pumped storage,114.100109,18,1972.672065
159468,Serbia,JUN2021,June 2021,2021,6,June,Fossil fuels,1410.62631,27,22575.025983
159492,Slovak Republic,JUN2021,June 2021,2021,6,June,Others,40.325253,24,486.34982
159505,Slovenia,JUN2021,June 2021,2021,6,June,Natural gas,33.625246,10,436.08182
159543,Spain,JUN2021,June 2021,2021,6,June,Electricity trade,-1012.957245,21,-882.008232
159579,Switzerland,JUN2021,June 2021,2021,6,June,Solar,437.298516,3,2891.866818
159583,Switzerland,JUN2021,June 2021,2021,6,June,Total combustible fuels,287.927234,7,3445.130211
159617,United Kingdom,JUN2021,June 2021,2021,6,June,Net electricity production,20981.331216,14,290916.891703
159644,United States,JUN2021,June 2021,2021,6,June,Net electricity production,382875.555571,14,4207717.500361
159694,Australia,JUL2021,July 2021,2021,7,July,Natural gas,4351.09999,10,43937.149619
159749,Belgium,JUL2021,July 2021,2021,7,July,Combustible renewables,439.01161,11,4744.171149
159819,Bulgaria,JUL2021,July 2021,2021,7,July,Fossil fuels,1241.750899,27,17663.007869
159852,Chile,JUL2021,July 2021,2021,7,July,Nuclear,0.0,6,0.0
159915,Costa Rica,JUL2021,July 2021,2021,7,July,Non-renewables,0.047567,23,2.859867
160031,Estonia,JUL2021,July 2021,2021,7,July,Geothermal,0.0,4,0.0
160091,France,JUL2021,July 2021,2021,7,July,Natural gas,1535.744343,10,30441.737646
160162,Greece,JUL2021,July 2021,2021,7,July,Fossil fuels,3406.944362,27,30851.746228
160183,Hungary,JUL2021,July 2021,2021,7,July,Electricity trade,-1047.406013,21,-12753.802174
160242,Iceland,JUL2021,July 2021,2021,7,July,Low carbon,1581.836378,26,19260.528452
160284,Ireland,JUL2021,July 2021,2021,7,July,Net electricity production,2503.712153,14,34077.918564
160446,Luxembourg,JUL2021,July 2021,2021,7,July,Net electricity production,176.765179,14,2274.613511
160450,Luxembourg,JUL2021,July 2021,2021,7,July,Used for pumped storage,99.855556,18,1362.103598
160548,New Zealand,JUL2021,July 2021,2021,7,July,Coal,249.590857,8,3022.309711
160555,New Zealand,JUL2021,July 2021,2021,7,July,Total imports,0.0,15,0.0
160559,New Zealand,JUL2021,July 2021,2021,7,July,Distribution losses,259.832447,19,2741.484702
160569,North Macedonia,JUL2021,July 2021,2021,7,July,Wind,7.362937,2,105.2071
160634,OECD Americas,JUL2021,July 2021,2021,7,July,Not specified,1449.05127,13,18114.132189
160663,OECD Asia Oceania,JUL2021,July 2021,2021,7,July,Total imports,0.0,15,0.0
160709,OECD Total,JUL2021,July 2021,2021,7,July,Total combustible fuels,558405.767627,7,5806673.445445
160713,OECD Total,JUL2021,July 2021,2021,7,July,Combustible renewables,25938.032922,11,326161.662218
160721,OECD Total,JUL2021,July 2021,2021,7,July,Distribution losses,45838.786731,19,525343.135839
160726,OECD Total,JUL2021,July 2021,2021,7,July,Others,24092.573359,24,279478.757173
160762,Portugal,JUL2021,July 2021,2021,7,July,Nuclear,0.0,6,0.0
160960,Sweden,JUL2021,July 2021,2021,7,July,Total imports,686.644006,15,8340.718661
160984,Switzerland,JUL2021,July 2021,2021,7,July,Other combustible non-renewables,57.418626,12,1080.514149
161037,United States,JUL2021,July 2021,2021,7,July,Combustible renewables,4927.83462,11,56810.198874
161135,Belgium,AUG2021,August 2021,2021,8,August,Hydro,129.628625,1,1288.425475
161168,Brazil,AUG2021,August 2021,2021,8,August,Total combustible fuels,22968.351873,7,196820.964317
161211,Bulgaria,AUG2021,August 2021,2021,8,August,Non-renewables,2885.017191,23,33313.840867
161234,Canada,AUG2021,August 2021,2021,8,August,Distribution losses,2639.930795,19,33125.435365
161297,Costa Rica,AUG2021,August 2021,2021,8,August,Hydro,898.961797,1,9189.376002
161332,Croatia,AUG2021,August 2021,2021,8,August,Electricity supplied,1650.014683,17,18518.321165
161373,Czech Republic,AUG2021,August 2021,2021,8,August,Geothermal,0.0,4,0.0
161476,Finland,AUG2021,August 2021,2021,8,August,Low carbon,4322.18632,26,59864.582086
161487,France,AUG2021,August 2021,2021,8,August,Natural gas,903.305053,10,30441.737646
161562,Hungary,AUG2021,August 2021,2021,8,August,Geothermal,0.178969,4,5.540375
161639,Iceland,AUG2021,August 2021,2021,8,August,Fossil fuels,0.365119,27,2.459802
161641,India,AUG2021,August 2021,2021,8,August,Wind,10657.487581,2,77929.108474
161681,Ireland,AUG2021,August 2021,2021,8,August,Total imports,203.551523,15,2309.484163
161689,Ireland,AUG2021,August 2021,2021,8,August,Non-renewables,1965.048596,23,22346.178243
161701,Italy,AUG2021,August 2021,2021,8,August,Coal,1101.263696,8,14918.877927
161705,Italy,AUG2021,August 2021,2021,8,August,Other combustible non-renewables,175.867848,12,2382.491104
161706,Italy,AUG2021,August 2021,2021,8,August,Not specified,35.486333,13,425.835996
161726,Japan,AUG2021,August 2021,2021,8,August,Nuclear,6558.651484,6,61094.686595
161789,Latvia,AUG2021,August 2021,2021,8,August,Total imports,615.053792,15,4667.40821
161850,Luxembourg,AUG2021,August 2021,2021,8,August,Renewables,166.65402,22,2013.826948
161986,North Macedonia,AUG2021,August 2021,2021,8,August,Non-renewables,350.037791,23,3599.28381
161998,Norway,AUG2021,August 2021,2021,8,August,Coal,8.781181,8,98.852462
162012,Norway,AUG2021,August 2021,2021,8,August,Renewables,10319.032778,22,155890.825443
162031,OECD Americas,AUG2021,August 2021,2021,8,August,Net electricity production,522456.868288,14,5359755.947985
162066,OECD Asia Oceania,AUG2021,August 2021,2021,8,August,Renewables,35270.005474,22,370702.282461
162099,OECD Total,AUG2021,August 2021,2021,8,August,Hydro,125882.869011,1,1510569.736903
162230,Romania,AUG2021,August 2021,2021,8,August,Others,32.174143,24,418.263857
162312,Slovenia,AUG2021,August 2021,2021,8,August,Other renewables aggregated,22.020989,25,248.111713
162313,Slovenia,AUG2021,August 2021,2021,8,August,Low carbon,972.666474,26,10999.66921
162333,Spain,AUG2021,August 2021,2021,8,August,Distribution losses,2261.054921,19,26308.92182
162378,Switzerland,AUG2021,August 2021,2021,8,August,Natural gas,42.607939,10,541.508172
162421,United Kingdom,AUG2021,August 2021,2021,8,August,Low carbon,11632.131648,26,163476.086056
162530,Austria,SEP2021,September 2021,2021,9,September,Fossil fuels,572.102,27,13761.515277
162791,Czech Republic,SEP2021,September 2021,2021,9,September,Low carbon,3591.551882,26,40349.411356
162793,Denmark,SEP2021,September 2021,2021,9,September,Hydro,1.048803,1,17.065067
162819,Denmark,SEP2021,September 2021,2021,9,September,Fossil fuels,509.94693,27,7169.475219
162860,Finland,SEP2021,September 2021,2021,9,September,Net electricity production,4836.586888,14,69398.713396
163055,India,SEP2021,September 2021,2021,9,September,Final consumption,0.0,20,0.0
163059,India,SEP2021,September 2021,2021,9,September,Others,507.207153,24,6164.063048
163086,Ireland,SEP2021,September 2021,2021,9,September,Others,115.323553,24,1270.359433
163204,Lithuania,SEP2021,September 2021,2021,9,September,Total combustible fuels,232.055733,7,1852.515562
163649,Serbia,SEP2021,September 2021,2021,9,September,Final consumption,0.0,20,0.0
163664,Slovak Republic,SEP2021,September 2021,2021,9,September,Coal,157.276782,8,1678.500109
163703,Slovenia,SEP2021,September 2021,2021,9,September,Final consumption,1064.134127,20,13613.378756
163742,Sweden,SEP2021,September 2021,2021,9,September,Other renewables,0.0,5,0.0
163779,Switzerland,SEP2021,September 2021,2021,9,September,Total imports,2531.0,15,31626.0
163793,United Kingdom,SEP2021,September 2021,2021,9,September,Wind,3878.40965,2,64008.315219
163862,Argentina,OCT2021,October 2021,2021,10,October,Electricity supplied,11906.463826,17,151547.505696
164132,Croatia,OCT2021,October 2021,2021,10,October,Other renewables aggregated,96.398787,25,1086.227446
164138,Cyprus,OCT2021,October 2021,2021,10,October,Geothermal,0.0,4,0.0
164158,Cyprus,OCT2021,October 2021,2021,10,October,Others,309.665967,24,4100.2433
164210,Denmark,OCT2021,October 2021,2021,10,October,Renewables,2542.678834,22,25624.467061
164230,Estonia,OCT2021,October 2021,2021,10,October,Total imports,729.0,15,7333.0
164256,Finland,OCT2021,October 2021,2021,10,October,Net electricity production,6112.02162,14,69398.713396
164296,France,OCT2021,October 2021,2021,10,October,Fossil fuels,3649.685447,27,48577.495598
164299,Germany,OCT2021,October 2021,2021,10,October,Solar,3365.581608,3,48724.831976
164380,IEA Total,OCT2021,October 2021,2021,10,October,Solar,39934.786687,3,498385.63933
164471,Ireland,OCT2021,October 2021,2021,10,October,Not specified,0.0,13,0.0
164504,Italy,OCT2021,October 2021,2021,10,October,Distribution losses,1519.414769,19,18340.653647
164573,Latvia,OCT2021,October 2021,2021,10,October,Total combustible fuels,163.175521,7,2705.216918
164587,Latvia,OCT2021,October 2021,2021,10,October,Electricity trade,-334.904976,21,-1772.442426
164593,Latvia,OCT2021,October 2021,2021,10,October,Fossil fuels,101.202075,27,1957.537277
164633,Luxembourg,OCT2021,October 2021,2021,10,October,Not specified,0.0,13,0.0
164689,Mexico,OCT2021,October 2021,2021,10,October,Total imports,84.378577,15,1186.976713
164695,Mexico,OCT2021,October 2021,2021,10,October,Electricity trade,21.381602,21,172.567565
164735,New Zealand,OCT2021,October 2021,2021,10,October,Total combustible fuels,356.671208,7,8454.152606
164774,North Macedonia,OCT2021,October 2021,2021,10,October,Distribution losses,0.0,19,0.0
164802,Norway,OCT2021,October 2021,2021,10,October,Final consumption,10310.695025,20,130180.44712
164936,Poland,OCT2021,October 2021,2021,10,October,Distribution losses,414.757668,19,4200.958373
165002,Romania,OCT2021,October 2021,2021,10,October,Geothermal,0.0,4,0.0
165006,Romania,OCT2021,October 2021,2021,10,October,Coal,828.483266,8,9357.167531
165043,Serbia,OCT2021,October 2021,2021,10,October,Used for pumped storage,0.0,18,0.0
165320,Austria,NOV2021,November 2021,2021,11,November,Other renewables aggregated,364.558555,25,4193.159407
165396,Bulgaria,NOV2021,November 2021,2021,11,November,Final consumption,0.0,20,0.0
165413,Canada,NOV2021,November 2021,2021,11,November,Natural gas,6102.805052,10,69229.959249
165421,Canada,NOV2021,November 2021,2021,11,November,Used for pumped storage,16.587523,18,206.910677
165510,Croatia,NOV2021,November 2021,2021,11,November,Total combustible fuels,567.99904,7,5254.227707
165537,Cyprus,NOV2021,November 2021,2021,11,November,Total combustible fuels,303.898583,7,4156.826556
165565,Czech Republic,NOV2021,November 2021,2021,11,November,Coal,3407.359051,8,31132.094595
165590,Denmark,NOV2021,November 2021,2021,11,November,Nuclear,0.0,6,0.0
165593,Denmark,NOV2021,November 2021,2021,11,November,Oil,34.623144,9,255.534192
165664,Finland,NOV2021,November 2021,2021,11,November,Low carbon,5589.86158,26,59864.582086
165705,Germany,NOV2021,November 2021,2021,11,November,Not specified,135.371549,13,1574.76295
165716,Germany,NOV2021,November 2021,2021,11,November,Others,1153.253854,24,12555.160723
165759,Hungary,NOV2021,November 2021,2021,11,November,Not specified,11.083333,13,132.999996
165913,Japan,NOV2021,November 2021,2021,11,November,Other renewables,0.0,5,0.0
166009,Lithuania,NOV2021,November 2021,2021,11,November,Final consumption,1005.915223,20,11710.938366
166045,Malta,NOV2021,November 2021,2021,11,November,Wind,0.0,2,0.0
166118,Netherlands,NOV2021,November 2021,2021,11,November,Electricity trade,365.795,21,-252.953
166183,Norway,NOV2021,November 2021,2021,11,November,Other renewables,0.0,5,0.0
166206,OECD Americas,NOV2021,November 2021,2021,11,November,Hydro,62052.72508,1,782268.455874
166283,OECD Europe,NOV2021,November 2021,2021,11,November,Others,7130.412714,24,78515.759153
166370,Republic of Turkiye,NOV2021,November 2021,2021,11,November,Solar,828.475121,3,13547.276061
166428,Serbia,NOV2021,November 2021,2021,11,November,Total combustible fuels,2259.414068,7,22799.362748
166566,Switzerland,NOV2021,November 2021,2021,11,November,Natural gas,45.706698,10,541.508172
166586,United Kingdom,NOV2021,November 2021,2021,11,November,Solar,476.426743,3,12550.630235
166587,United Kingdom,NOV2021,November 2021,2021,11,November,Geothermal,0.0,4,0.0
166600,United Kingdom,NOV2021,November 2021,2021,11,November,Electricity supplied,28051.090929,17,315494.263783
166624,United States,NOV2021,November 2021,2021,11,November,Net electricity production,321981.500763,14,4207717.500361
166633,United States,NOV2021,November 2021,2021,11,November,Non-renewables,248148.136442,23,3320634.07786
166660,Argentina,DEC2021,December 2021,2021,12,December,Non-renewables,10220.282354,23,108960.109232
166705,Austria,DEC2021,December 2021,2021,12,December,Net electricity production,5727.295798,14,67234.130288
166706,Austria,DEC2021,December 2021,2021,12,December,Total imports,2780.993666,15,26436.192769
166715,Austria,DEC2021,December 2021,2021,12,December,Others,156.954566,24,1432.706493
166731,Belgium,DEC2021,December 2021,2021,12,December,Not specified,30.051001,13,351.63807
166755,Brazil,DEC2021,December 2021,2021,12,December,Natural gas,7194.462301,10,84426.157095
166764,Brazil,DEC2021,December 2021,2021,12,December,Distribution losses,0.0,19,0.0
166814,Canada,DEC2021,December 2021,2021,12,December,Total imports,1414.766145,15,13016.571981
166840,Chile,DEC2021,December 2021,2021,12,December,Net electricity production,7608.037796,14,85571.160395
166860,Colombia,DEC2021,December 2021,2021,12,December,Total combustible fuels,1985.621073,7,22487.155456
166874,Colombia,DEC2021,December 2021,2021,12,December,Electricity trade,-82.155234,21,-457.492574
166904,Croatia,DEC2021,December 2021,2021,12,December,Other renewables,0.0,5,0.0
166946,Cyprus,DEC2021,December 2021,2021,12,December,Final consumption,0.0,20,0.0
167028,Estonia,DEC2021,December 2021,2021,12,December,Electricity trade,-97.884471,21,-2628.736432
167085,France,DEC2021,December 2021,2021,12,December,Others,706.736144,24,8277.040834
167087,France,DEC2021,December 2021,2021,12,December,Low carbon,42720.38711,26,487351.735951
167198,Iceland,DEC2021,December 2021,2021,12,December,Wind,0.737889,2,6.083086
167243,India,DEC2021,December 2021,2021,12,December,Final consumption,0.0,20,0.0
167293,Italy,DEC2021,December 2021,2021,12,December,Total exports,600.202056,16,3770.269251
167385,Latvia,DEC2021,December 2021,2021,12,December,Fossil fuels,298.787079,27,1957.537277
167461,Malta,DEC2021,December 2021,2021,12,December,Renewables,12.078687,22,237.073837
167480,Mexico,DEC2021,December 2021,2021,12,December,Net electricity production,26824.160181,14,346958.243762
167501,Netherlands,DEC2021,December 2021,2021,12,December,Coal,2260.286827,8,16868.101607
167539,New Zealand,DEC2021,December 2021,2021,12,December,Distribution losses,214.662274,19,2741.484702
167747,Portugal,DEC2021,December 2021,2021,12,December,Combustible renewables,315.98658,11,3873.652938
167842,Serbia,DEC2021,December 2021,2021,12,December,Other renewables aggregated,19.9204,25,224.336766
167912,Spain,DEC2021,December 2021,2021,12,December,Net electricity production,23925.491223,14,263072.229072
167934,Sweden,DEC2021,December 2021,2021,12,December,Oil,30.905482,9,213.524099
167960,Switzerland,DEC2021,December 2021,2021,12,December,Coal,0.0,8,0.0
167991,United Kingdom,DEC2021,December 2021,2021,12,December,Other combustible non-renewables,618.046809,12,7138.40914
168003,United Kingdom,DEC2021,December 2021,2021,12,December,Others,813.814809,24,9079.186007
168038,Argentina,JAN2022,January 2022,2022,1,January,Total combustible fuels,9994.980902,7,91536.894631
168046,Argentina,JAN2022,January 2022,2022,1,January,Non-renewables,10798.727296,23,96813.168722
168102,Belgium,JAN2022,January 2022,2022,1,January,Oil,40.54497,9,212.297391
168110,Belgium,JAN2022,January 2022,2022,1,January,Electricity supplied,8183.652905,17,84349.282459
168144,Bulgaria,JAN2022,January 2022,2022,1,January,Coal,1890.547463,8,18760.858118
168223,Colombia,JAN2022,January 2022,2022,1,January,Renewables,4920.66953,22,65484.517485
168243,Costa Rica,JAN2022,January 2022,2022,1,January,Non-renewables,2.712121,23,94.205109
168286,Czech Republic,JAN2022,January 2022,2022,1,January,Solar,64.225292,3,2453.513182
168312,Denmark,JAN2022,January 2022,2022,1,January,Total combustible fuels,1519.327969,7,12366.901574
168348,Estonia,JAN2022,January 2022,2022,1,January,Non-renewables,374.06285,23,3708.050714
168428,Germany,JAN2022,January 2022,2022,1,January,Low carbon,25823.935987,26,283742.328405
168507,Iceland,JAN2022,January 2022,2022,1,January,Geothermal,519.369467,4,5799.765061
168562,Italy,JAN2022,January 2022,2022,1,January,Wind,2556.905566,2,20461.274962
168578,Italy,JAN2022,January 2022,2022,1,January,Final consumption,25967.582418,20,299667.287717
168623,Korea,JAN2022,January 2022,2022,1,January,Used for pumped storage,428.488618,18,4883.146581
168665,Lithuania,JAN2022,January 2022,2022,1,January,Electricity supplied,1318.190123,17,12922.498444
168669,Lithuania,JAN2022,January 2022,2022,1,January,Electricity trade,-853.711198,21,-8567.634605
168809,Norway,JAN2022,January 2022,2022,1,January,Not specified,31.915667,13,382.988004
168825,OECD Americas,JAN2022,January 2022,2022,1,January,Wind,44949.425723,2,505964.927369
168930,Poland,JAN2022,January 2022,2022,1,January,Solar,97.642983,3,8235.536901
168960,Portugal,JAN2022,January 2022,2022,1,January,Combustible renewables,352.478218,11,3900.510078
168962,Portugal,JAN2022,January 2022,2022,1,January,Net electricity production,4462.318196,14,48755.357748
169002,Romania,JAN2022,January 2022,2022,1,January,Solar,77.884768,3,1773.142842
169085,Spain,JAN2022,January 2022,2022,1,January,Wind,5418.022675,2,61174.633837
169086,Spain,JAN2022,January 2022,2022,1,January,Solar,1766.396349,3,32816.269966
169102,Spain,JAN2022,January 2022,2022,1,January,Final consumption,21018.40069,20,231626.452039
169104,Spain,JAN2022,January 2022,2022,1,January,Renewables,10082.916679,22,122253.966264
169120,Sweden,JAN2022,January 2022,2022,1,January,Net electricity production,17420.899523,14,172616.716778
169151,Switzerland,JAN2022,January 2022,2022,1,January,Renewables,3010.96337,22,39812.561322
169193,United States,JAN2022,January 2022,2022,1,January,Not specified,298.805009,13,2858.600752
169202,United States,JAN2022,January 2022,2022,1,January,Renewables,82280.484941,22,975828.837692
169279,Belgium,FEB2022,February 2022,2022,2,February,Other combustible non-renewables,85.481432,12,1075.248162
169313,Bulgaria,FEB2022,February 2022,2022,2,February,Hydro,276.27922,1,3734.014532
169346,Canada,FEB2022,February 2022,2022,2,February,Other combustible non-renewables,10.565692,12,125.230401
169403,Costa Rica,FEB2022,February 2022,2022,2,February,Hydro,538.517306,1,9361.373581
169497,Denmark,FEB2022,February 2022,2022,2,February,Distribution losses,273.852406,19,2902.616177
169517,Estonia,FEB2022,February 2022,2022,2,February,Total exports,369.031777,16,6172.531503
169520,Estonia,FEB2022,February 2022,2022,2,February,Final consumption,645.301838,20,6859.222386
169526,Estonia,FEB2022,February 2022,2022,2,February,Low carbon,193.508084,26,2557.737767
169531,Finland,FEB2022,February 2022,2022,2,February,Nuclear,1881.218982,6,24222.819643
169550,Finland,FEB2022,February 2022,2022,2,February,Low carbon,5302.940951,26,63408.873751
169555,France,FEB2022,February 2022,2022,2,February,Geothermal,7.971701,4,95.660412
169614,Greece,FEB2022,February 2022,2022,2,February,Net electricity production,3625.434965,14,49426.364383
169680,Iceland,FEB2022,February 2022,2022,2,February,Hydro,1049.226433,1,13940.171089
169726,Ireland,FEB2022,February 2022,2022,2,February,Used for pumped storage,44.022651,18,442.149051
169756,Italy,FEB2022,February 2022,2022,2,February,Non-renewables,14749.957256,23,175960.949976
169773,Japan,FEB2022,February 2022,2022,2,February,Net electricity production,89629.828019,14,1001003.256275
169793,Korea,FEB2022,February 2022,2022,2,February,Combustible renewables,724.291396,11,9565.622328
169831,Lithuania,FEB2022,February 2022,2022,2,February,Total combustible fuels,89.216847,7,1628.261209
169853,Luxembourg,FEB2022,February 2022,2022,2,February,Solar,6.317753,3,214.794102
169948,New Zealand,FEB2022,February 2022,2022,2,February,Net electricity production,3118.366486,14,42536.651155
170133,Portugal,FEB2022,February 2022,2022,2,February,Oil,89.800459,9,1197.163424
170141,Portugal,FEB2022,February 2022,2022,2,February,Used for pumped storage,261.439025,18,2970.899763
170153,Republic of Turkiye,FEB2022,February 2022,2022,2,February,Solar,797.96158,3,15220.537346
170166,Republic of Turkiye,FEB2022,February 2022,2022,2,February,Distribution losses,2378.841045,19,30452.040659
170177,Romania,FEB2022,February 2022,2022,2,February,Solar,108.229483,3,1773.142842
170217,Slovak Republic,FEB2022,February 2022,2022,2,February,Natural gas,235.037823,10,1840.82358
170235,Slovenia,FEB2022,February 2022,2022,2,February,Hydro,189.883561,1,3352.4004
170274,Spain,FEB2022,February 2022,2022,2,February,Electricity supplied,21185.781942,17,263897.746342
170314,Switzerland,FEB2022,February 2022,2022,2,February,Oil,1.789409,9,20.578204
170375,United States,FEB2022,February 2022,2022,2,February,Final consumption,317431.959458,20,4076077.537899
170427,Austria,MAR2022,March 2022,2022,3,March,Combustible renewables,408.38869,11,4506.873494
170590,Costa Rica,MAR2022,March 2022,2022,3,March,Non-renewables,59.215498,23,94.205109
170593,Costa Rica,MAR2022,March 2022,2022,3,March,Low carbon,989.508087,26,12419.44864
170665,Denmark,MAR2022,March 2022,2022,3,March,Electricity supplied,3083.432027,17,34786.58092
170689,Estonia,MAR2022,March 2022,2022,3,March,Final consumption,645.754243,20,6859.222386
170698,Finland,MAR2022,March 2022,2022,3,March,Wind,1211.112384,2,11897.217579
170716,Finland,MAR2022,March 2022,2022,3,March,Non-renewables,2925.919445,23,31239.668031
170747,France,MAR2022,March 2022,2022,3,March,Fossil fuels,5829.393359,27,55124.28124
170811,Hungary,MAR2022,March 2022,2022,3,March,Electricity supplied,4183.55441,17,45881.739512
170841,IEA Total,MAR2022,March 2022,2022,3,March,Electricity trade,-716.500348,21,5383.181743
170850,Iceland,MAR2022,March 2022,2022,3,March,Geothermal,522.567637,4,5799.765061
170923,Italy,MAR2022,March 2022,2022,3,March,Renewables,8420.668695,22,102165.186896
170931,Japan,MAR2022,March 2022,2022,3,March,Solar,7701.250511,3,92794.549196
170945,Japan,MAR2022,March 2022,2022,3,March,Final consumption,78217.629101,20,925293.441766
171027,Luxembourg,MAR2022,March 2022,2022,3,March,Used for pumped storage,101.139319,18,1418.574717
171063,Mexico,MAR2022,March 2022,2022,3,March,Distribution losses,3120.954585,19,39275.000913
171103,New Zealand,MAR2022,March 2022,2022,3,March,Natural gas,520.475944,10,4083.556622
171117,North Macedonia,MAR2022,March 2022,2022,3,March,Hydro,93.005064,1,1340.213925
171227,OECD Europe,MAR2022,March 2022,2022,3,March,Renewables,132196.60561,22,1521337.565494
171343,Romania,MAR2022,March 2022,2022,3,March,Non-renewables,2239.695343,23,27539.866393
171375,Slovak Republic,MAR2022,March 2022,2022,3,March,Net electricity production,2283.885823,14,25120.804337
171405,Slovenia,MAR2022,March 2022,2022,3,March,Final consumption,1220.014892,20,13049.230279
171446,Sweden,MAR2022,March 2022,2022,3,March,Natural gas,5.865268,10,134.167995
171477,Switzerland,MAR2022,March 2022,2022,3,March,Distribution losses,423.090741,19,4677.987833
171519,United States,MAR2022,March 2022,2022,3,March,Natural gas,110313.810467,10,1661790.763147
171554,Australia,APR2022,April 2022,2022,4,April,Hydro,1159.125465,1,17275.541669
171662,Bulgaria,APR2022,April 2022,2022,4,April,Low carbon,2135.413925,26,24796.000488
171804,Czech Republic,APR2022,April 2022,2022,4,April,Non-renewables,5013.942612,23,67221.320055
171805,Czech Republic,APR2022,April 2022,2022,4,April,Others,22.472114,24,283.394078
171852,Estonia,APR2022,April 2022,2022,4,April,Fossil fuels,225.135806,27,3708.050714
171906,Germany,APR2022,April 2022,2022,4,April,Solar,5884.542727,3,57895.363076
171929,Germany,APR2022,April 2022,2022,4,April,Fossil fuels,21007.370605,27,269740.711743
171941,Greece,APR2022,April 2022,2022,4,April,Total exports,132.643849,16,4302.603535
171991,IEA Total,APR2022,April 2022,2022,4,April,Total imports,41708.664032,15,528640.874782
172014,Iceland,APR2022,April 2022,2022,4,April,Non-renewables,0.086,23,2.943
172031,India,APR2022,April 2022,2022,4,April,Renewables,28185.624773,22,375263.008789
172126,Korea,APR2022,April 2022,2022,4,April,Non-renewables,37852.136524,23,514795.765765
172186,Luxembourg,APR2022,April 2022,2022,4,April,Electricity trade,-460.01175,21,-5506.824838
172241,Netherlands,APR2022,April 2022,2022,4,April,Total exports,1675.67,16,22810.847
172261,New Zealand,APR2022,April 2022,2022,4,April,Not specified,3.185667,13,38.228004
172381,OECD Europe,APR2022,April 2022,2022,4,April,Electricity trade,-1861.330619,21,-8567.859916
172388,OECD Total,APR2022,April 2022,2022,4,April,Hydro,120909.580576,1,1468185.983155
172418,Poland,APR2022,April 2022,2022,4,April,Total combustible fuels,11000.237542,7,135129.754279
172462,Republic of Turkiye,APR2022,April 2022,2022,4,April,Hydro,8674.914549,1,66745.246723
172476,Republic of Turkiye,APR2022,April 2022,2022,4,April,Electricity supplied,24669.408818,17,315399.581471
172508,Serbia,APR2022,April 2022,2022,4,April,Oil,0.753452,9,10.150427
172554,Slovenia,APR2022,April 2022,2022,4,April,Net electricity production,1129.207429,14,12783.000251
172560,Slovenia,APR2022,April 2022,2022,4,April,Final consumption,1074.850905,20,13049.230279
172607,Sweden,APR2022,April 2022,2022,4,April,Electricity supplied,11878.407198,17,139729.525671
172693,Argentina,MAY2022,May 2022,2022,5,May,Wind,1124.993747,2,14025.337741
172704,Argentina,MAY2022,May 2022,2022,5,May,Non-renewables,8492.833824,23,96813.168722
172719,Australia,MAY2022,May 2022,2022,5,May,Used for pumped storage,97.235988,18,848.507916
172780,Brazil,MAY2022,May 2022,2022,5,May,Solar,1872.874919,3,27224.347185
172782,Brazil,MAY2022,May 2022,2022,5,May,Total combustible fuels,8284.069813,7,94970.301581
172784,Brazil,MAY2022,May 2022,2022,5,May,Oil,133.0827,9,2793.062839
172800,Bulgaria,MAY2022,May 2022,2022,5,May,Total combustible fuels,1760.095591,7,22862.372252
172829,Canada,MAY2022,May 2022,2022,5,May,Not specified,25.75,13,309.0
172989,Estonia,MAY2022,May 2022,2022,5,May,Coal,316.887854,8,3562.333657
173036,France,MAY2022,May 2022,2022,5,May,Nuclear,20531.226,6,278961.291218
173050,France,MAY2022,May 2022,2022,5,May,Final consumption,31337.781178,20,424417.15697
173116,Hungary,MAY2022,May 2022,2022,5,May,Other combustible non-renewables,14.436233,12,215.148388
173152,IEA Total,MAY2022,May 2022,2022,5,May,Renewables,300099.633546,22,3391523.393563
173284,Korea,MAY2022,May 2022,2022,5,May,Fossil fuels,29592.953394,27,347871.140087
173343,Luxembourg,MAY2022,May 2022,2022,5,May,Others,6.433273,24,66.67381
173347,Malta,MAY2022,May 2022,2022,5,May,Solar,30.258156,3,255.946001
173380,Mexico,MAY2022,May 2022,2022,5,May,Low carbon,7559.223061,26,84515.47853
173435,North Macedonia,MAY2022,May 2022,2022,5,May,Net electricity production,384.02857,14,5422.476851
173468,OECD Americas,MAY2022,May 2022,2022,5,May,Solar,22595.575005,3,220466.094548
173491,OECD Americas,MAY2022,May 2022,2022,5,May,Fossil fuels,232390.497887,27,3000873.487079
173522,OECD Europe,MAY2022,May 2022,2022,5,May,Total combustible fuels,107549.064151,7,1498159.200473
173552,OECD Total,MAY2022,May 2022,2022,5,May,Natural gas,245365.932405,10,3208667.390671
173565,OECD Total,MAY2022,May 2022,2022,5,May,Non-renewables,549795.025279,23,7255645.565113
173567,OECD Total,MAY2022,May 2022,2022,5,May,Other renewables aggregated,29949.002256,25,373817.309933
173576,Poland,MAY2022,May 2022,2022,5,May,Natural gas,928.394158,10,10777.304548
173685,Slovak Republic,MAY2022,May 2022,2022,5,May,Net electricity production,1991.225969,14,25120.804337
173686,Slovak Republic,MAY2022,May 2022,2022,5,May,Total imports,1365.196658,15,16709.407003
173754,Sweden,MAY2022,May 2022,2022,5,May,Coal,47.856791,8,682.861843
173835,United States,MAY2022,May 2022,2022,5,May,Total exports,1340.87783,16,15267.642703
173887,Austria,JUN2022,June 2022,2022,6,June,Total combustible fuels,831.148785,7,18314.839288
173904,Austria,JUN2022,June 2022,2022,6,June,Others,95.742132,24,1430.786972
173954,Bulgaria,JUN2022,June 2022,2022,6,June,Nuclear,1426.203182,6,15615.001997
174070,Croatia,JUN2022,June 2022,2022,6,June,Electricity supplied,1564.659959,17,18834.781103
174075,Croatia,JUN2022,June 2022,2022,6,June,Non-renewables,412.377465,23,4948.671729
174100,Czech Republic,JUN2022,June 2022,2022,6,June,Natural gas,310.773717,10,3870.012088
174230,Germany,JUN2022,June 2022,2022,6,June,Distribution losses,1885.421046,19,26281.992731
174258,Greece,JUN2022,June 2022,2022,6,June,Others,242.73953,24,2490.67856
174277,Hungary,JUN2022,June 2022,2022,6,June,Distribution losses,198.122764,19,2801.034835
174323,Iceland,JUN2022,June 2022,2022,6,June,Non-renewables,0.084,23,2.943
174398,Japan,JUN2022,June 2022,2022,6,June,Nuclear,2591.863248,6,51714.184529
174486,Luxembourg,JUN2022,June 2022,2022,6,June,Combustible renewables,31.575998,11,343.942862
174510,Malta,JUN2022,June 2022,2022,6,June,Others,0.678602,24,58.402236
174524,Mexico,JUN2022,June 2022,2022,6,June,Net electricity production,30811.175348,14,334507.469955
174610,Norway,JUN2022,June 2022,2022,6,June,Electricity supplied,9267.655284,17,133405.583955
174622,OECD Americas,JUN2022,June 2022,2022,6,June,Wind,38608.491182,2,505964.927369
174663,OECD Asia Oceania,JUN2022,June 2022,2022,6,June,Distribution losses,7827.766556,19,97307.283109
174665,OECD Asia Oceania,JUN2022,June 2022,2022,6,June,Renewables,35773.337941,22,401747.225366
174711,OECD Total,JUN2022,June 2022,2022,6,June,Net electricity production,902823.280578,14,10799491.24901
174743,Poland,JUN2022,June 2022,2022,6,June,Renewables,2960.364769,22,36569.882493
174763,Portugal,JUN2022,June 2022,2022,6,June,Distribution losses,365.536152,19,4540.303992
174785,Republic of Turkiye,JUN2022,June 2022,2022,6,June,Total exports,286.381619,16,3709.514229
174790,Republic of Turkiye,JUN2022,June 2022,2022,6,June,Renewables,12782.709494,22,133400.383013
174922,Sweden,JUN2022,June 2022,2022,6,June,Renewables,8487.682445,22,120076.908612
174985,United States,JUN2022,June 2022,2022,6,June,Combustible renewables,4809.717697,11,54746.393333
175108,Bulgaria,JUL2022,July 2022,2022,7,July,Solar,243.758438,3,2003.556115
175122,Bulgaria,JUL2022,July 2022,2022,7,July,Electricity trade,1208.327972,21,12194.62309
175127,Bulgaria,JUL2022,July 2022,2022,7,July,Low carbon,2274.935168,26,24796.000488
175141,Canada,JUL2022,July 2022,2022,7,July,Total imports,965.328792,15,14083.019645
175173,Colombia,JUL2022,July 2022,2022,7,July,Hydro,5418.836677,1,62762.476129
175184,Colombia,JUL2022,July 2022,2022,7,July,Electricity supplied,7285.729294,17,85124.050543
175200,Costa Rica,JUL2022,July 2022,2022,7,July,Combustible renewables,0.065222,11,134.98288
175291,Denmark,JUL2022,July 2022,2022,7,July,Others,82.046015,24,965.591054
175298,Estonia,JUL2022,July 2022,2022,7,July,Total combustible fuels,395.87705,7,5224.265671
175299,Estonia,JUL2022,July 2022,2022,7,July,Coal,269.941506,8,3562.333657
175356,France,JUL2022,July 2022,2022,7,July,Total exports,2278.461118,16,37329.295441
175368,Germany,JUL2022,July 2022,2022,7,July,Hydro,1818.789132,1,23233.599279
175379,Germany,JUL2022,July 2022,2022,7,July,Not specified,68.101907,13,1001.83833
175406,Greece,JUL2022,July 2022,2022,7,July,Electricity supplied,5299.204965,17,52874.581278
175419,Hungary,JUL2022,July 2022,2022,7,July,Solar,596.906106,3,4594.873742
175483,India,JUL2022,July 2022,2022,7,July,Hydro,20573.481781,1,173429.65888
175495,India,JUL2022,July 2022,2022,7,July,Renewables,39712.724766,22,375263.008789
175725,New Zealand,JUL2022,July 2022,2022,7,July,Other combustible non-renewables,0.0,12,0.0
175735,New Zealand,JUL2022,July 2022,2022,7,July,Low carbon,3420.568624,26,37312.978807
175930,Republic of Turkiye,JUL2022,July 2022,2022,7,July,Geothermal,656.106109,4,8984.096788
175969,Serbia,JUL2022,July 2022,2022,7,July,Wind,58.793374,2,949.367391
176015,Slovenia,JUL2022,July 2022,2022,7,July,Oil,0.31791,9,49.524397
176060,Sweden,JUL2022,July 2022,2022,7,July,Wind,2229.586658,2,32757.392244
176183,Australia,AUG2022,August 2022,2022,8,August,Electricity supplied,22903.846214,17,262333.481146
176196,Austria,AUG2022,August 2022,2022,8,August,Geothermal,0.0025,4,0.03
176215,Austria,AUG2022,August 2022,2022,8,August,Other renewables aggregated,355.041721,25,4506.903494
176315,Chile,AUG2022,August 2022,2022,8,August,Natural gas,1295.966957,10,16760.315074
176389,Cyprus,AUG2022,August 2022,2022,8,August,Wind,14.066,2,224.265
176477,Finland,AUG2022,August 2022,2022,8,August,Oil,4.895496,9,92.402487
176480,Finland,AUG2022,August 2022,2022,8,August,Other combustible non-renewables,30.246923,12,491.66077
176492,Finland,AUG2022,August 2022,2022,8,August,Other renewables aggregated,926.283168,25,13316.149548
176519,France,AUG2022,August 2022,2022,8,August,Other renewables aggregated,678.774533,25,9939.12686
176562,Greece,AUG2022,August 2022,2022,8,August,Distribution losses,486.251835,19,5344.478458
176692,Italy,AUG2022,August 2022,2022,8,August,Electricity supplied,26334.819111,17,321108.967378
176723,Japan,AUG2022,August 2022,2022,8,August,Other renewables aggregated,3657.348152,25,38690.411401
176724,Japan,AUG2022,August 2022,2022,8,August,Low carbon,28037.100931,26,292456.736086
176792,Luxembourg,AUG2022,August 2022,2022,8,August,Solar,27.458856,3,214.794102
176816,Malta,AUG2022,August 2022,2022,8,August,Electricity supplied,231.930342,17,2201.650239
176860,Netherlands,AUG2022,August 2022,2022,8,August,Electricity supplied,9513.77229,17,114544.448283
177064,Portugal,AUG2022,August 2022,2022,8,August,Natural gas,1722.296611,10,17956.523258
177098,Republic of Turkiye,AUG2022,August 2022,2022,8,August,Electricity trade,-321.542227,21,-2713.622223
177136,Serbia,AUG2022,August 2022,2022,8,August,Other renewables aggregated,20.670703,25,244.627946
177147,Slovak Republic,AUG2022,August 2022,2022,8,August,Other combustible non-renewables,0.492118,12,69.88073
177152,Slovak Republic,AUG2022,August 2022,2022,8,August,Electricity supplied,2137.389274,17,26494.66495
177164,Slovenia,AUG2022,August 2022,2022,8,August,Wind,0.489729,2,5.732826
177174,Slovenia,AUG2022,August 2022,2022,8,August,Total imports,604.096814,15,10198.242411
177256,Switzerland,AUG2022,August 2022,2022,8,August,Others,83.198368,24,1122.730266
177304,United States,AUG2022,August 2022,2022,8,August,Electricity trade,-4028.925126,21,-37750.002646
177353,Austria,SEP2022,September 2022,2022,9,September,Oil,57.190091,9,690.643421
177469,Chile,SEP2022,September 2022,2022,9,September,Oil,63.877607,9,1478.781372
177510,Costa Rica,SEP2022,September 2022,2022,9,September,Net electricity production,1024.145345,14,12513.653752
177629,Finland,SEP2022,September 2022,2022,9,September,Nuclear,2409.280451,6,24222.819643
177683,Germany,SEP2022,September 2022,2022,9,September,Coal,15644.504717,8,178383.866332
177785,Iceland,SEP2022,September 2022,2022,9,September,Final consumption,1570.751927,20,19212.400303
177812,Ireland,SEP2022,September 2022,2022,9,September,Solar,7.703597,3,92.980001
177840,Italy,SEP2022,September 2022,2022,9,September,Natural gas,12336.971415,10,148556.283556
177848,Italy,SEP2022,September 2022,2022,9,September,Used for pumped storage,233.292,18,2614.728478
177989,Mexico,SEP2022,September 2022,2022,9,September,Total imports,313.107585,15,7870.733247
178129,OECD Asia Oceania,SEP2022,September 2022,2022,9,September,Renewables,36223.495313,22,401747.225366
178198,Poland,SEP2022,September 2022,2022,9,September,Not specified,6.194833,13,74.337996
178216,Portugal,SEP2022,September 2022,2022,9,September,Geothermal,13.419395,4,171.250675
178243,Republic of Turkiye,SEP2022,September 2022,2022,9,September,Natural gas,7445.893993,10,69611.870073
178330,Slovenia,SEP2022,September 2022,2022,9,September,Total exports,798.691609,16,8752.326326
178381,Sweden,SEP2022,September 2022,2022,9,September,Electricity supplied,9891.277445,17,139729.525671
178448,United States,SEP2022,September 2022,2022,9,September,Natural gas,153903.515685,10,1661790.763147
178553,Brazil,OCT2022,October 2022,2022,10,October,Solar,3010.602674,3,27224.347185
178581,Bulgaria,OCT2022,October 2022,2022,10,October,Total exports,639.98394,16,13664.622716
178587,Bulgaria,OCT2022,October 2022,2022,10,October,Non-renewables,2211.373762,23,36589.755491
178626,Chile,OCT2022,October 2022,2022,10,October,Net electricity production,6766.28611,14,84096.970852
178629,Chile,OCT2022,October 2022,2022,10,October,Final consumption,6425.397966,20,79783.774431
178667,Costa Rica,OCT2022,October 2022,2022,10,October,Electricity supplied,988.066141,17,11793.905039
178684,Croatia,OCT2022,October 2022,2022,10,October,Natural gas,328.791943,10,3218.820833
178760,Estonia,OCT2022,October 2022,2022,10,October,Wind,71.874638,2,674.064819
178775,Estonia,OCT2022,October 2022,2022,10,October,Renewables,206.278096,22,2557.737767
178780,Estonia,OCT2022,October 2022,2022,10,October,Fossil fuels,299.599328,27,3708.050714
178792,Finland,OCT2022,October 2022,2022,10,October,Net electricity production,6092.368324,14,70214.722151
178808,France,OCT2022,October 2022,2022,10,October,Geothermal,7.971701,4,95.660412
178811,France,OCT2022,October 2022,2022,10,October,Total combustible fuels,4747.077107,7,63965.959689
178815,France,OCT2022,October 2022,2022,10,October,Combustible renewables,521.480817,11,9365.601452
179014,Japan,OCT2022,October 2022,2022,10,October,Wind,666.041569,2,9534.813236
179102,Luxembourg,OCT2022,October 2022,2022,10,October,Solar,9.117841,3,214.794102
179118,Luxembourg,OCT2022,October 2022,2022,10,October,Other renewables aggregated,30.628238,25,343.942862
179142,Mexico,OCT2022,October 2022,2022,10,October,Other combustible non-renewables,13.845399,12,166.321477
179164,Netherlands,OCT2022,October 2022,2022,10,October,Combustible renewables,508.483926,11,9231.0738
179536,Sweden,OCT2022,October 2022,2022,10,October,Distribution losses,832.470174,19,10932.323609
179543,Sweden,OCT2022,October 2022,2022,10,October,Low carbon,13764.564775,26,170139.672985
179600,United States,OCT2022,October 2022,2022,10,October,Oil,3102.625423,9,42820.07324
179755,Canada,NOV2022,November 2022,2022,11,November,Other combustible non-renewables,10.428775,12,125.230401
179841,Croatia,NOV2022,November 2022,2022,11,November,Used for pumped storage,15.055301,18,157.485013
179887,Czech Republic,NOV2022,November 2022,2022,11,November,Fossil fuels,3349.472282,27,37912.892148
180029,Greece,NOV2022,November 2022,2022,11,November,Other renewables aggregated,43.946453,25,481.243079
180138,Ireland,NOV2022,November 2022,2022,11,November,Low carbon,1691.326928,26,13856.114475
180199,Korea,NOV2022,November 2022,2022,11,November,Not specified,306.083815,13,4026.598127
180227,Latvia,NOV2022,November 2022,2022,11,November,Low carbon,241.981249,26,3656.434966
180253,Luxembourg,NOV2022,November 2022,2022,11,November,Solar,7.13408,3,214.794102
180371,Norway,NOV2022,November 2022,2022,11,November,Net electricity production,14309.433349,14,145938.649963
180373,Norway,NOV2022,November 2022,2022,11,November,Total exports,3193.52701,16,25791.572008
180397,OECD Americas,NOV2022,November 2022,2022,11,November,Net electricity production,422332.338598,14,5485440.49899
180420,OECD Asia Oceania,NOV2022,November 2022,2022,11,November,Natural gas,41578.817363,10,556735.389799
180423,OECD Asia Oceania,NOV2022,November 2022,2022,11,November,Not specified,1808.203649,13,22052.036134
180454,OECD Europe,NOV2022,November 2022,2022,11,November,Final consumption,257353.348703,20,3162319.555897
180516,Portugal,NOV2022,November 2022,2022,11,November,Geothermal,13.060499,4,171.250675
180519,Portugal,NOV2022,November 2022,2022,11,November,Natural gas,1581.903353,10,17956.523258
180587,Serbia,NOV2022,November 2022,2022,11,November,Electricity supplied,2992.505463,17,32759.280331
180600,Slovak Republic,NOV2022,November 2022,2022,11,November,Natural gas,146.89864,10,1840.82358
180664,Spain,NOV2022,November 2022,2022,11,November,Other renewables aggregated,517.096461,25,6621.288971
180716,United Kingdom,NOV2022,November 2022,2022,11,November,Solar,561.290904,3,14240.791059
180901,Canada,DEC2022,December 2022,2022,12,December,Other combustible non-renewables,12.808393,12,125.230401
180948,Colombia,DEC2022,December 2022,2022,12,December,Renewables,5249.797902,22,65484.517485
180961,Costa Rica,DEC2022,December 2022,2022,12,December,Net electricity production,1048.537917,14,12513.653752
180994,Croatia,DEC2022,December 2022,2022,12,December,Low carbon,1201.972008,26,9033.710625
180997,Cyprus,DEC2022,December 2022,2022,12,December,Solar,37.391023,3,603.597936
181113,France,DEC2022,December 2022,2022,12,December,Other combustible non-renewables,175.406445,12,2104.87734
181219,IEA Total,DEC2022,December 2022,2022,12,December,Electricity supplied,921417.280505,17,10575190.053523
181261,India,DEC2022,December 2022,2022,12,December,Low carbon,29898.915433,26,418686.007989
181321,Japan,DEC2022,December 2022,2022,12,December,Other combustible non-renewables,1580.061865,12,18021.496782
181322,Japan,DEC2022,December 2022,2022,12,December,Not specified,1498.934167,13,17987.210004
181347,Korea,DEC2022,December 2022,2022,12,December,Electricity supplied,52336.6462,17,565372.131666
181511,Norway,DEC2022,December 2022,2022,12,December,Hydro,13189.938655,1,128746.299925
181516,Norway,DEC2022,December 2022,2022,12,December,Oil,58.935838,9,582.12524
181629,OECD Total,DEC2022,December 2022,2022,12,December,Distribution losses,66332.000766,19,679413.69176
181770,Slovenia,DEC2022,December 2022,2022,12,December,Nuclear,519.582095,6,5310.696976
181782,Slovenia,DEC2022,December 2022,2022,12,December,Distribution losses,139.42424,19,827.950215
181800,Spain,DEC2022,December 2022,2022,12,December,Combustible renewables,468.864939,11,6603.288971
181825,Sweden,DEC2022,December 2022,2022,12,December,Combustible renewables,1430.83427,11,12920.599945
181892,United States,DEC2022,December 2022,2022,12,December,Geothermal,1528.806695,4,16263.579144
